Release Group,%...5,%...7,tconst,startYear,runtimeMinutes,g1,g2,g3,averageRating,numVotes,Total
Avengers: Endgame,30.7%,69.3%,tt4154796,2019-01-01,181,Action,Adventure,Drama,8.4,1033089,2797501328
Avengers: Infinity War,33.1%,66.9%,tt4154756,2018-01-01,149,Action,Adventure,Sci-Fi,8.5,998241,2048359754
Spider-Man: No Way Home,42.5%,57.5%,tt10872600,2021-01-01,148,Action,Adventure,Fantasy,8.5,564567,1892570726
The Lion King,32.8%,67.2%,tt0110357,1994-01-01,88,Adventure,Animation,Drama,8.5,1017294,1656943394
Frozen II,32.9%,67.1%,tt4520988,2019-01-01,103,Adventure,Animation,Comedy,6.8,162951,1450026933
Black Panther,52%,48%,tt1825683,2018-01-01,134,Action,Adventure,Sci-Fi,7.3,714215,1346913161
Star Wars: Episode VIII - The Last Jedi,46.5%,53.5%,tt2527336,2017-01-01,152,Action,Adventure,Fantasy,6.9,607778,1332539889
Jurassic World: Fallen Kingdom,31.9%,68.1%,tt4881806,2018-01-01,128,Action,Adventure,Sci-Fi,6.2,294924,1308467944
Beauty and the Beast,39.9%,60.1%,tt0101414,1991-01-01,84,Animation,Family,Fantasy,8.1,438764,1263521126
Incredibles 2,49%,51%,tt3606756,2018-01-01,118,Action,Adventure,Animation,7.6,282506,1242805359
The Fate of the Furious,18.3%,81.7%,tt4630562,2017-01-01,136,Action,Crime,Thriller,6.6,225601,1236005118
Aquaman,29.2%,70.8%,tt1477834,2018-01-01,143,Action,Adventure,Fantasy,6.9,437438,1148461807
Spider-Man: Far from Home,34.5%,65.5%,tt6320628,2019-01-01,129,Action,Adventure,Sci-Fi,7.4,453880,1131927996
Captain Marvel,37.8%,62.2%,tt4154664,2019-01-01,123,Action,Adventure,Sci-Fi,6.8,526541,1128274794
Joker,31.2%,68.8%,tt7286456,2019-01-01,122,Crime,Drama,Thriller,8.4,1170784,1074251311
Star Wars: Episode IX - The Rise of Skywalker,48%,52%,tt2527338,2019-01-01,141,Action,Adventure,Fantasy,6.5,425208,1074144248
Toy Story 4,40.4%,59.6%,tt1979376,2019-01-01,100,Adventure,Animation,Comedy,7.7,235756,1073394593
Aladdin,33.8%,66.2%,tt0103639,1992-01-01,90,Adventure,Animation,Comedy,8.1,398968,1050693953
Despicable Me 3,25.6%,74.4%,tt3469046,2017-01-01,89,Adventure,Animation,Comedy,6.3,128145,1034799409
Jumanji: Welcome to the Jungle,42%,58%,tt2283362,2017-01-01,119,Action,Adventure,Comedy,6.9,361959,962077546
Bohemian Rhapsody,24%,76%,tt1727824,2018-01-01,134,Biography,Drama,Music,8,511961,903655259
The Battle at Lake Changjin,<0.1%,100%,tt13462900,2021-01-01,176,Action,Drama,History,5.3,2430,902540935
Spider-Man: Homecoming,38%,62%,tt2250912,2017-01-01,133,Action,Adventure,Sci-Fi,7.4,620262,880166924
Wolf Warrior 2,0.3%,99.7%,tt7131870,2017-01-01,123,Action,Adventure,Drama,5.9,7887,870325439
Guardians of the Galaxy Vol. 2,45.1%,54.9%,tt3896198,2017-01-01,136,Action,Adventure,Comedy,7.6,643458,863756051
Venom,24.9%,75.1%,tt1270797,2018-01-01,112,Action,Adventure,Sci-Fi,6.7,460177,856085151
Thor: Ragnarok,36.9%,63.1%,tt3501632,2017-01-01,130,Action,Adventure,Comedy,7.9,688740,853977126
"Hi, Mom",-,100%,tt13364790,2021-01-01,128,Comedy,Romance,NA,7,1857,822009764
Wonder Woman,50.2%,49.8%,tt0451279,2017-01-01,141,Action,Adventure,Fantasy,7.4,632641,821847012
Coco,26.1%,73.9%,tt2380307,2017-01-01,105,Adventure,Animation,Comedy,8.4,470372,807816196
Jumanji: The Next Level,40%,60%,tt7975244,2019-01-01,123,Action,Adventure,Comedy,6.7,235174,800059707
Pirates of the Caribbean: Dead Men Tell No Tales,21.7%,78.3%,tt1790809,2017-01-01,129,Action,Adventure,Fantasy,6.6,293069,794861794
Mission: Impossible - Fallout,27.8%,72.2%,tt4912910,2018-01-01,147,Action,Adventure,Thriller,7.7,318977,791115104
No Time to Die,20.8%,79.2%,tt2382320,2021-01-01,163,Action,Adventure,Thriller,7.3,333515,774153007
Fast & Furious Presents: Hobbs & Shaw,22.9%,77.1%,tt6806448,2019-01-01,137,Action,Adventure,Thriller,6.5,203911,759056935
Deadpool 2,43.4%,56.6%,tt5463162,2018-01-01,119,Action,Adventure,Comedy,7.7,547779,734546611
F9: The Fast Saga,23.8%,76.2%,tt5433138,2021-01-01,143,Action,Crime,Thriller,5.2,119508,726229501
Ne Zha,0.5%,99.5%,tt10627720,2019-01-01,110,Action,Adventure,Animation,7.4,7313,726063471
It,46.8%,53.2%,tt1396484,2017-01-01,135,Horror,NA,NA,7.3,512406,700381748
The Wandering Earth,0.9%,99.1%,tt7605074,2019-01-01,125,Action,Adventure,Sci-Fi,5.9,29885,699856699
Detective Chinatown 3,-,100%,tt10370822,2021-01-01,136,Action,Adventure,Comedy,5.6,1759,686257563
Justice League,34.8%,65.2%,tt0974015,2017-01-01,120,Action,Adventure,Fantasy,6.1,438560,657924295
Fantastic Beasts: The Crimes of Grindelwald,24.4%,75.6%,tt4123430,2018-01-01,134,Adventure,Family,Fantasy,6.5,254868,654855901
Ant-Man and the Wasp,34.8%,65.2%,tt5095030,2018-01-01,118,Action,Adventure,Comedy,7,373633,622674139
Logan,36.6%,63.4%,tt3315342,2017-01-01,137,Action,Drama,Sci-Fi,8.1,721640,619021436
Transformers: The Last Knight,21.5%,78.5%,tt3371366,2017-01-01,154,Action,Adventure,Sci-Fi,5.2,147343,605425157
Ready Player One,23.6%,76.4%,tt1677720,2018-01-01,140,Action,Adventure,Sci-Fi,7.4,417561,582890172
Operation Red Sea,0.3%,99.7%,tt6878882,2018-01-01,142,Action,Drama,Thriller,6.6,7021,579330426
Kong: Skull Island,29.7%,70.3%,tt3731562,2017-01-01,118,Action,Adventure,Fantasy,6.7,308548,566652812
Detective Chinatown 2,0.4%,99.6%,tt7752454,2018-01-01,121,Action,Comedy,Mystery,6.1,2502,544185156
The Meg,27.4%,72.6%,tt4779682,2018-01-01,113,Action,Horror,Sci-Fi,5.6,166010,530243742
Ralph Breaks the Internet,38%,62%,tt5848272,2018-01-01,112,Adventure,Animation,Comedy,7,153001,529323962
Hotel Transylvania 3: Summer Vacation,31.7%,68.3%,tt5220122,2018-01-01,97,Adventure,Animation,Comedy,6.3,70450,528583774
The Boss Baby,33.1%,66.9%,tt3874544,2017-01-01,97,Adventure,Animation,Comedy,6.3,122138,527965936
Dunkirk,35.8%,64.2%,tt5013056,2017-01-01,106,Action,Drama,History,7.8,626205,525245546
How to Train Your Dragon: The Hidden World,30.8%,69.2%,tt2386490,2019-01-01,104,Action,Adventure,Animation,7.4,121684,521799505
The Grinch,52.9%,47.1%,tt2709692,2018-01-01,85,Adventure,Animation,Comedy,6.3,67568,511595957
Venom: Let There Be Carnage,42.1%,57.9%,tt7097896,2021-01-01,97,Action,Adventure,Sci-Fi,6,186566,506863592
Maleficent: Mistress of Evil,23.2%,76.8%,tt4777008,2019-01-01,119,Adventure,Family,Fantasy,6.6,100306,491730089
War for the Planet of the Apes,29.9%,70.1%,tt3450958,2017-01-01,140,Action,Adventure,Drama,7.4,248181,490719763
It Chapter Two,44.7%,55.3%,tt7349950,2019-01-01,169,Drama,Fantasy,Horror,6.5,246028,473093228
Godzilla vs. Kong,21.6%,78.4%,tt5034838,2021-01-01,113,Action,Sci-Fi,Thriller,6.3,194964,468216094
Bumblebee,27.2%,72.8%,tt4701182,2018-01-01,114,Action,Adventure,Sci-Fi,6.7,158224,467989645
The Eight Hundred,<0.1%,99.9%,tt7294150,2020-01-01,149,Action,Drama,History,6.7,5249,461421559
Demon Slayer the Movie: Mugen Train,10.9%,89.1%,tt11032374,2020-01-01,117,Action,Adventure,Animation,8.3,50833,453349245
Dying to Survive,-,100%,tt7362036,2018-01-01,117,Comedy,Drama,NA,7.9,5916,451176639
"My People, My Country",0.5%,99.5%,tt10147382,2019-01-01,154,Drama,History,NA,6.4,1770,450064993
A Star Is Born,49.4%,50.6%,tt1517451,2018-01-01,136,Drama,Music,Romance,7.6,370687,436188866
The Greatest Showman,40.1%,59.9%,tt1485796,2017-01-01,105,Biography,Drama,Musical,7.6,269477,434993183
PokÃ©mon Detective Pikachu,33.3%,66.7%,tt5884052,2019-01-01,104,Action,Adventure,Comedy,6.6,155812,433005346
Shang-Chi and the Legend of the Ten Rings,51.9%,48.1%,tt9376612,2021-01-01,132,Action,Adventure,Fantasy,7.5,339695,432243292
The Secret Life of Pets 2,36.9%,63.1%,tt5113040,2019-01-01,86,Adventure,Animation,Comedy,6.5,59679,430051293
Rampage,23.6%,76.4%,tt2231461,2018-01-01,107,Action,Adventure,Sci-Fi,6.1,161401,428028233
Bad Boys for Life,48.4%,51.6%,tt1502397,2020-01-01,124,Action,Comedy,Crime,6.5,154194,426505244
"My People, My Homeland",-,100%,tt12363162,2020-01-01,153,Drama,NA,NA,6.5,762,422390820
The Captain,0.2%,99.8%,tt6763252,2017-01-01,118,Drama,History,Thriller,7.3,17190,417282021
Kingsman: The Golden Circle,24.4%,75.6%,tt4649466,2017-01-01,141,Action,Adventure,Comedy,6.7,314487,410902662
The Mummy,19.6%,80.4%,tt0120616,1999-01-01,124,Action,Adventure,Fantasy,7.1,417390,409231607
Sing 2,40.1%,59.9%,tt6467266,2021-01-01,110,Adventure,Animation,Comedy,7.5,41393,406024390
Alita: Battle Angel,21.2%,78.8%,tt0437086,2019-01-01,122,Action,Adventure,Sci-Fi,7.3,257262,404980543
Eternals,41%,59%,tt9032400,2021-01-01,156,Action,Adventure,Fantasy,6.4,282531,402064899
Dune,27%,73%,tt1160419,2021-01-01,155,Action,Adventure,Drama,8.1,530333,400671789
Mamma Mia! Here We Go Again,30.5%,69.5%,tt6911608,2018-01-01,114,Comedy,Musical,Romance,6.6,91384,395044706
Solo: A Star Wars Story,54.4%,45.6%,tt3778644,2018-01-01,135,Action,Adventure,Sci-Fi,6.9,328086,392924807
Godzilla: King of the Monsters,28.6%,71.4%,tt3741700,2019-01-01,132,Action,Adventure,Fantasy,6,174550,386600138
1917,41.4%,58.6%,tt8579674,2019-01-01,119,Action,Drama,War,8.3,541457,384919389
Cars 3,39.8%,60.2%,tt3606752,2017-01-01,102,Adventure,Animation,Comedy,6.7,92088,383930656
Fifty Shades Darker,30%,70%,tt4465564,2017-01-01,118,Drama,Romance,NA,4.6,99704,381545846
Black Widow,48.4%,51.6%,tt3480822,2021-01-01,134,Action,Adventure,Sci-Fi,6.7,344492,379751655
Spider-Man: Into the Spider-Verse,50.7%,49.3%,tt4633694,2018-01-01,117,Action,Adventure,Animation,8.4,480794,375540831
Once Upon a Time... In Hollywood,38.1%,61.9%,tt7131622,2019-01-01,161,Comedy,Drama,NA,7.6,679579,374375059
Fifty Shades Freed,27%,73%,tt4477536,2018-01-01,105,Drama,Romance,Thriller,4.5,63401,371985018
Hello Mr. Billionaire,-,100%,tt8529186,2018-01-01,118,Comedy,NA,NA,6.1,2020,366961907
Shazam!,38.4%,61.6%,tt0448115,2019-01-01,132,Action,Adventure,Comedy,7,314222,365971656
The Nun,32.1%,67.9%,tt5814060,2018-01-01,96,Horror,Mystery,Thriller,5.3,135507,365550119
Tenet,16.1%,83.9%,tt6723592,2020-01-01,150,Action,Sci-Fi,Thriller,7.4,460705,363704105
Monster Hunt 2,0.2%,99.8%,tt6170484,2018-01-01,110,Adventure,Comedy,Fantasy,5.4,1677,361682618
Dumbo,32.5%,67.5%,tt0033563,1941-01-01,64,Adventure,Animation,Drama,7.3,128950,353284621
Murder on the Orient Express,29.1%,70.9%,tt3402236,2017-01-01,114,Crime,Drama,Mystery,6.5,239558,352789811
Peter Rabbit,32.8%,67.2%,tt5117670,2018-01-01,95,Adventure,Animation,Comedy,6.6,41515,351266433
Mary Poppins Returns,49.2%,50.8%,tt5028340,2018-01-01,130,Adventure,Comedy,Family,6.7,86102,349537494
xXx: Return of Xander Cage,13%,87%,tt1293847,2017-01-01,107,Action,Adventure,Comedy,5.2,90794,346118277
A Quiet Place,55.1%,44.9%,tt6644200,2018-01-01,90,Drama,Horror,Sci-Fi,7.5,502838,340939361
Never Say Die,-,100%,tt7431894,2017-01-01,100,Comedy,Fantasy,Sport,6.1,1501,334530869
Free Guy,36.7%,63.3%,tt6264654,2021-01-01,115,Action,Adventure,Comedy,7.2,319856,331526598
Crazy Alien,-,100%,tt6660238,2019-01-01,116,Comedy,Sci-Fi,NA,5.7,1272,327598891
John Wick: Chapter 3 - Parabellum,52.3%,47.7%,tt6146586,2019-01-01,130,Action,Crime,Thriller,7.4,323435,326709727
Green Book,26.4%,73.6%,tt6966692,2018-01-01,130,Biography,Comedy,Drama,8.2,457951,321752656
Sonic the Hedgehog,46.6%,53.4%,tt3794354,2020-01-01,99,Action,Adventure,Comedy,6.5,117200,319715683
The Lego Batman Movie,56.3%,43.7%,tt4116284,2016-01-01,104,Action,Adventure,Animation,7.3,144313,311950384
Knives Out,53.1%,46.9%,tt8946378,2019-01-01,130,Comedy,Crime,Drama,7.9,582399,311605581
The Ex-File 3: The Return of The Exes,0.3%,99.7%,tt7830888,2017-01-01,120,Comedy,Romance,NA,5.6,474,307592427
Annabelle: Creation,33.3%,66.7%,tt5140878,2017-01-01,109,Horror,Mystery,Thriller,6.5,128848,306515884
Wonder,43.3%,56.7%,tt2543472,2017-01-01,113,Drama,Family,NA,7.9,159045,305937718
Skyscraper,22.4%,77.6%,tt5758778,2018-01-01,102,Action,Adventure,Thriller,5.8,119143,304868961
Ocean's Eight,47.1%,52.9%,tt5164214,2018-01-01,110,Action,Comedy,Crime,6.3,210448,297718711
A Quiet Place Part II,53.8%,46.2%,tt8332922,2020-01-01,97,Drama,Horror,Sci-Fi,7.2,202441,297372261
Ferdinand,28.5%,71.5%,tt3411444,2017-01-01,108,Adventure,Animation,Comedy,6.7,55231,296069199
Pacific Rim: Uprising,20.6%,79.4%,tt2557478,2018-01-01,111,Action,Adventure,Sci-Fi,5.6,114637,290930148
Maze Runner: The Death Cure,20.1%,79.9%,tt4500922,2018-01-01,143,Action,Adventure,Sci-Fi,6.2,132277,288175335
Split,49.7%,50.3%,tt4972582,2016-01-01,117,Horror,Thriller,NA,7.3,472016,278454358
Tomb Raider,21.2%,78.8%,tt1365519,2018-01-01,119,Action,Adventure,Fantasy,6.3,209275,274650803
Terminator: Dark Fate,23.8%,76.2%,tt6450804,2019-01-01,128,Action,Adventure,Sci-Fi,6.2,170551,261119292
Blade Runner 2049,35.5%,64.5%,tt1856101,2017-01-01,164,Action,Drama,Mystery,8,533260,259239658
Parasite,20.6%,79.4%,tt6751668,2019-01-01,132,Comedy,Drama,Thriller,8.5,730822,258632621
Kung Fu Yoga,0.1%,99.9%,tt4217392,2017-01-01,107,Action,Adventure,Comedy,5.2,10065,257743016
Pegasus,-,100%,tt9597190,2019-01-01,98,Comedy,Sport,NA,6.3,1732,255863112
Halloween,62.4%,37.6%,tt0077651,1978-01-01,91,Horror,Thriller,NA,7.7,264424,255485178
Get Out,68.9%,31.1%,tt5052448,2017-01-01,104,Horror,Mystery,Thriller,7.7,555644,255407969
Us,68.6%,31.4%,tt6857112,2019-01-01,116,Horror,Mystery,Thriller,6.8,272063,255184580
Encanto,37.7%,62.3%,tt2953050,2021-01-01,102,Animation,Comedy,Family,7.3,176499,255101005
Baahubali 2: The Conclusion,7.9%,92.1%,tt4849438,2017-01-01,167,Action,Drama,NA,8.3,87732,254158390
Men in Black: International,31.5%,68.5%,tt2283336,2019-01-01,114,Action,Adventure,Comedy,5.6,129168,253890701
X-Men: Dark Phoenix,26.1%,73.9%,tt6565702,2019-01-01,113,Action,Adventure,Sci-Fi,5.7,178846,252442974
Journey to the West: The Demons Strike Back,0.4%,99.6%,tt5273624,2017-01-01,109,Adventure,Comedy,Family,5.4,3102,247585244
Glass,45%,55%,tt6823368,2019-01-01,129,Drama,Sci-Fi,Thriller,6.6,233135,246999039
Dolittle,31.4%,68.6%,tt6673612,2020-01-01,101,Adventure,Comedy,Family,5.6,61388,245439115
The Bravest,0.1%,99.9%,tt10218674,2019-01-01,118,Action,Drama,Family,5.7,940,245179562
Alien: Covenant,30.8%,69.2%,tt2316204,2017-01-01,122,Horror,Sci-Fi,Thriller,6.4,273127,240891763
Legend of Deification,<0.1%,99.9%,tt11177804,2020-01-01,110,Action,Adventure,Animation,6.5,1719,240663149
Crazy Rich Asians,73.2%,26.8%,tt3104988,2018-01-01,120,Comedy,Drama,Romance,6.9,164800,238532921
Cruella,36.9%,63.1%,tt3228774,2021-01-01,134,Adventure,Comedy,Crime,7.4,216157,233503234
Annabelle Comes Home,32.1%,67.9%,tt8350360,2019-01-01,106,Horror,Mystery,Thriller,5.9,71765,231252591
Paddington 2,17.9%,82.1%,tt4468740,2017-01-01,103,Adventure,Comedy,Family,7.8,72361,227978523
Youth,0.8%,99.2%,tt3312830,2015-01-01,124,Comedy,Drama,Music,7.3,77202,227091290
Baby Driver,47.5%,52.5%,tt3890160,2017-01-01,113,Action,Crime,Drama,7.6,506652,226945087
Better Days,0.9%,99.1%,tt9586294,2019-01-01,135,Crime,Drama,Romance,7.5,8699,225918798
Valerian and the City of a Thousand Planets,18.2%,81.8%,tt2239822,2017-01-01,136,Action,Adventure,Fantasy,6.5,177034,225874228
Ford v Ferrari,52.2%,47.8%,tt1950186,2019-01-01,152,Action,Biography,Drama,8.1,361169,225508210
"My Country, My Parents",<0.1%,99.9%,tt15465312,2021-01-01,157,Drama,NA,NA,6,305,221715716
Geostorm,15.2%,84.8%,tt1981128,2017-01-01,109,Action,Sci-Fi,Thriller,5.3,104969,221600160
Jungle Cruise,53%,47%,tt0870154,2021-01-01,127,Action,Adventure,Comedy,6.6,173312,220889446
The Emoji Movie,39.5%,60.5%,tt4877122,2017-01-01,86,Adventure,Animation,Comedy,3.3,62448,217776646
Little Women,49.9%,50.1%,tt3281548,2019-01-01,135,Drama,Romance,NA,7.8,187921,216601214
A Little Red Flower,-,100%,tt12497408,2020-01-01,122,Drama,Family,NA,6.7,544,216000000
Creed II,54%,46%,tt6343314,2018-01-01,130,Drama,Sport,NA,7.1,119973,214215889
Smallfoot,38.9%,61.1%,tt6182908,2018-01-01,96,Adventure,Animation,Comedy,6.6,38519,214040103
Us and Them,-,100%,tt8033592,2018-01-01,120,Drama,Romance,NA,7.4,4048,209221380
Raging Fire,0.2%,99.8%,tt8165192,2021-01-01,126,Action,Adventure,Crime,6.6,3587,205846481
A Dog's Purpose,31.5%,68.5%,tt1753383,2017-01-01,100,Adventure,Comedy,Drama,7.2,70815,205035819
The Addams Family,49.3%,50.7%,tt0101272,1991-01-01,99,Comedy,Fantasy,NA,6.9,150216,203044905
The Conjuring: The Devil Made Me Do It,32.5%,67.5%,tt7069210,2021-01-01,112,Horror,Mystery,Thriller,6.3,104623,202031050
Birds of Prey,41.7%,58.3%,tt7713068,2020-01-01,109,Action,Adventure,Comedy,6,225802,201858461
Shock Wave 2,-,100%,tt9597838,2020-01-01,120,Action,Crime,Thriller,6.6,2123,198921659
The Island,0.3%,99.7%,tt0399201,2005-01-01,136,Action,Sci-Fi,Thriller,6.9,312670,198326350
Christopher Robin,50.2%,49.8%,tt4575576,2018-01-01,104,Adventure,Comedy,Drama,7.2,75651,197744377
Ghostbusters: Afterlife,65.5%,34.5%,tt4513678,2021-01-01,124,Adventure,Comedy,Fantasy,7.2,135002,197360575
Smurfs: The Lost Village,22.8%,77.2%,tt2398241,2017-01-01,90,Adventure,Animation,Comedy,6,21070,197183546
Chinese Doctors,-,100%,tt13696296,2021-01-01,129,Drama,NA,NA,4.6,423,197143218
The Shape of Water,32.7%,67.3%,tt5580390,2017-01-01,123,Drama,Fantasy,Romance,7.3,406767,195333312
Rocketman,49.3%,50.7%,tt2066051,2019-01-01,121,Biography,Drama,Musical,7.3,167731,195320400
Weathering with You,4.2%,95.8%,tt9426210,2019-01-01,112,Animation,Drama,Fantasy,7.5,35775,193932489
Downton Abbey,50%,50%,tt6398184,2019-01-01,122,Drama,Romance,NA,7.4,51435,193795226
The Lego Movie 2: The Second Part,55%,45%,tt3513498,2019-01-01,107,Action,Adventure,Animation,6.6,63423,192306508
Sheep Without a Shepherd,-,100%,tt11210032,2019-01-01,112,Crime,Drama,Thriller,6.8,1389,191602146
The Equalizer 2,53.6%,46.4%,tt3766354,2018-01-01,121,Action,Crime,Thriller,6.7,153182,190400157
The White Storm 2: Drug Lords,0.3%,99.7%,tt8239806,2019-01-01,99,Action,Crime,NA,6,1229,189396380
Project Gutenberg,-,100%,tt7183578,2018-01-01,130,Action,Crime,Mystery,6.8,4389,188116796
Pitch Perfect 3,56.6%,43.4%,tt4765284,2017-01-01,93,Comedy,Music,NA,5.8,62462,185400345
Cliff Walkers,<0.1%,99.9%,tt11448076,2021-01-01,120,Crime,Drama,Thriller,6.6,1884,181325565
Daddy's Home 2,57.6%,42.4%,tt5657846,2017-01-01,100,Comedy,NA,NA,6,71154,180613180
The Post,45.6%,54.4%,tt6294822,2017-01-01,116,Drama,NA,NA,7.2,147706,179769457
Abominable,33.9%,66.1%,tt6324278,2019-01-01,97,Adventure,Animation,Comedy,7,37111,179053956
Baywatch,32.6%,67.4%,tt1469304,2017-01-01,116,Action,Comedy,Crime,5.5,180808,177856751
The Hitman's Bodyguard,42.7%,57.3%,tt1959563,2017-01-01,118,Action,Comedy,Crime,6.9,223146,176586701
Ip Man 4: The Finale,2.2%,97.8%,tt2076298,2019-01-01,107,Action,Biography,Drama,7,30805,176345966
The Mule,59.4%,40.6%,tt7959026,2018-01-01,116,Crime,Drama,Thriller,7,131999,174804407
The Nutcracker and the Four Realms,31.5%,68.5%,tt5523010,2018-01-01,99,Adventure,Family,Fantasy,5.5,32900,173961069
Gemini Man,28%,72%,tt1025100,2019-01-01,117,Action,Adventure,Sci-Fi,5.7,110353,173469516
Spies in Disguise,38.9%,61.1%,tt5814534,2019-01-01,102,Action,Adventure,Animation,6.8,45986,171616764
John Wick: Chapter 2,53.6%,46.4%,tt4425200,2017-01-01,122,Action,Crime,Thriller,7.5,411821,171539887
Ghost in the Shell,23.9%,76.1%,tt1219827,2017-01-01,107,Action,Crime,Drama,6.3,210911,169801921
Insidious: The Last Key,40.4%,59.6%,tt5726086,2018-01-01,103,Horror,Mystery,Thriller,5.7,58647,167885588
The Suicide Squad,33.3%,66.7%,tt6334354,2021-01-01,132,Action,Adventure,Comedy,7.2,318023,167417425
Wonder Woman 1984,28.1%,71.9%,tt7126948,2020-01-01,151,Action,Adventure,Fantasy,5.4,251597,166801036
Space Jam: A New Legacy,43.3%,56.7%,tt3554046,2021-01-01,115,Adventure,Animation,Comedy,4.4,66753,162892228
The Sacrifice,-,100%,tt0091670,1986-01-01,149,Drama,NA,NA,7.9,27589,161047608
The Predator,31.8%,68.2%,tt3829266,2018-01-01,107,Action,Adventure,Sci-Fi,5.3,126007,160542134
"Three Billboards Outside Ebbing, Missouri",34%,66%,tt5027774,2017-01-01,115,Comedy,Crime,Drama,8.1,486281,160192031
Johnny English Strikes Again,2.8%,97.2%,tt6921996,2018-01-01,89,Action,Adventure,Comedy,6.2,71852,158970776
Hustlers,66.6%,33.4%,tt5503686,2019-01-01,110,Comedy,Crime,Drama,6.3,95806,157563598
The Climbers,0.3%,99.7%,tt9635616,2019-01-01,125,Action,Adventure,Drama,5.5,1211,156892866
The Matrix Resurrections,24.1%,75.9%,tt10838180,2021-01-01,148,Action,Sci-Fi,NA,5.7,212443,156575035
Escape Room,36.6%,63.4%,tt5886046,2019-01-01,99,Action,Adventure,Horror,6.4,115411,155712077
Yesterday,47.4%,52.6%,tt8079248,2019-01-01,116,Comedy,Fantasy,Music,6.8,147181,154608507
Jujutsu Kaisen 0: The Movie,19.2%,80.8%,tt14331144,2021-01-01,105,Action,Animation,Fantasy,8.1,4965,154261163
House of Gucci,34.9%,65.1%,tt11214590,2021-01-01,158,Crime,Drama,NA,6.7,93833,154156873
Peter Rabbit 2: The Runaway,26.3%,73.7%,tt8376234,2021-01-01,93,Adventure,Animation,Comedy,6.2,10230,153901717
Duckweed,0.3%,99.7%,tt6461514,2017-01-01,102,Comedy,Drama,Fantasy,6.4,1361,152894264
Red Sparrow,30.9%,69.1%,tt2873282,2018-01-01,140,Action,Drama,Thriller,6.6,181646,151572634
Darkest Hour,37.4%,62.6%,tt4555426,2017-01-01,125,Biography,Drama,War,7.4,194792,150847207
A Writer's Odyssey,0.1%,99.9%,tt9685342,2021-01-01,130,Action,Adventure,Fantasy,6.2,2412,150123320
King Arthur: Legend of the Sword,26.3%,73.7%,tt1972591,2017-01-01,126,Action,Adventure,Drama,6.7,211322,148675066
The Angry Birds Movie 2,28.2%,71.8%,tt6095472,2019-01-01,97,Action,Adventure,Animation,6.4,27716,147792047
The Boss Baby 2: Family Business,39%,61%,tt6932874,2021-01-01,107,Adventure,Animation,Comedy,5.9,15925,146745280
Angel Has Fallen,47.1%,52.9%,tt6189022,2019-01-01,121,Action,Thriller,NA,6.4,93625,146661977
The Foreigner,23.7%,76.3%,tt1615160,2017-01-01,113,Action,Thriller,NA,7,111861,145374099
PAW Patrol: The Movie,27.8%,72.2%,tt11832046,2021-01-01,86,Action,Adventure,Animation,6.2,5515,144327371
The Invisible Man,49.2%,50.8%,tt1051906,2020-01-01,124,Drama,Horror,Mystery,7.1,213241,143151000
More Than Blue,0.5%,99.5%,tt1454545,2009-01-01,105,Drama,Romance,NA,7.5,2538,142958164
Power Rangers,60%,40%,tt3717490,2017-01-01,124,Action,Adventure,Fantasy,5.9,106576,142337240
Onward,43.4%,56.6%,tt7146812,2020-01-01,102,Adventure,Animation,Comedy,7.4,139083,141940042
Girls Trip,81.9%,18.1%,tt3564472,2017-01-01,122,Adventure,Comedy,Drama,6.2,37054,140552359
The First Purge,50.7%,49.3%,tt6133466,2018-01-01,97,Action,Horror,Sci-Fi,5.2,62326,137056262
How Long Will I Love U,0.5%,99.5%,tt8404272,2018-01-01,101,Comedy,Fantasy,Romance,6.4,1008,136796719
American Made,38.1%,61.9%,tt3532216,2017-01-01,115,Action,Comedy,Crime,7.1,173608,134866593
Tom & Jerry: The Movie,34.9%,65.1%,tt1361336,2021-01-01,101,Adventure,Animation,Comedy,5.3,33152,133336687
A Wrinkle in Time,75.7%,24.3%,tt1620680,2018-01-01,109,Adventure,Family,Fantasy,4.2,44279,132675864
Be Somebody,-,100%,tt5512872,2016-01-01,88,Comedy,Drama,Romance,5.7,3967,132326332
Halloween Kills,69.9%,30.1%,tt10665338,2021-01-01,105,Horror,Thriller,NA,5.6,69192,131647155
The House with a Clock in Its Walls,52.1%,47.9%,tt2119543,2018-01-01,105,Comedy,Family,Fantasy,6,50663,131457147
A Bad Moms Christmas,55.2%,44.8%,tt6359956,2017-01-01,104,Comedy,NA,NA,5.5,49702,130560428
Raya and the Last Dragon,42%,58%,tt5109280,2021-01-01,107,Action,Adventure,Animation,7.3,139622,130423032
Warm Hug,-,100%,tt13529418,2020-01-01,112,Comedy,NA,NA,5.3,167,129240236
Sister,-,100%,tt2062969,2012-01-01,97,Crime,Drama,NA,7,6750,128317206
Ad Astra,39.4%,60.6%,tt2935510,2019-01-01,123,Adventure,Drama,Mystery,6.5,225282,127461872
Midway,44.6%,55.4%,tt6924650,2019-01-01,138,Action,Drama,History,6.7,81093,127420861
The King's Man,29.5%,70.5%,tt6856242,2021-01-01,131,Action,Adventure,Thriller,6.3,105373,125897478
The Upside,86%,14%,tt1987680,2017-01-01,126,Comedy,Drama,NA,7,54862,125852517
Happy Death Day,44.4%,55.6%,tt5308322,2017-01-01,96,Comedy,Horror,Mystery,6.6,134555,125479266
Captain Underpants: The First Epic Movie,58.9%,41.1%,tt2091256,2017-01-01,89,Action,Adventure,Animation,6.2,27604,125427681
The Curse of La Llorona,44.5%,55.5%,tt4913966,2019-01-01,93,Horror,Mystery,Thriller,5.3,48118,123133739
The Lego Ninjago Movie,48.2%,51.8%,tt3014284,2017-01-01,101,Action,Adventure,Animation,6,25353,123081555
Looking Up,<0.1%,99.9%,tt10195210,2019-01-01,147,Drama,NA,NA,6.2,458,122994583
Zombieland: Double Tap,59.5%,40.5%,tt1560220,2019-01-01,99,Action,Comedy,Horror,6.7,170390,122810399
Secret Superstar,-,100%,tt6108090,2017-01-01,150,Drama,Music,NA,7.9,24112,122026260
Last Christmas,28.9%,71.1%,tt8623904,2019-01-01,103,Comedy,Drama,Fantasy,6.5,75462,121550750
Soul,-,100%,tt2948372,2020-01-01,100,Adventure,Animation,Comedy,8.1,304794,120957731
Instant Family,55.9%,44.1%,tt7401588,2018-01-01,118,Comedy,Drama,NA,7.3,103272,120556201
The Commuter,30.3%,69.7%,tt1590193,2018-01-01,104,Action,Mystery,Thriller,6.3,113155,119942387
Extreme Job,1.3%,98.7%,tt9541602,2019-01-01,111,Action,Comedy,Crime,7,9629,119932733
The Addams Family 2,47.1%,52.9%,tt11125620,2021-01-01,93,Adventure,Animation,Comedy,5.4,9677,119815153
Dora and the Lost City of Gold,50.5%,49.5%,tt7547410,2019-01-01,102,Adventure,Animation,Comedy,6.1,29789,119682635
Wonder Park,37.8%,62.2%,tt6428676,2019-01-01,85,Adventure,Animation,Comedy,5.8,11726,119559110
Forever Young,-,100%,tt0104291,1992-01-01,102,Drama,Romance,Sci-Fi,6.3,47050,119055731
A Cool Fish,0.5%,99.5%,tt9282616,2018-01-01,109,Comedy,NA,NA,6.9,1669,118153135
P Storm,0.3%,99.7%,tt10017680,2019-01-01,96,Action,Crime,NA,5.9,685,117991727
Game Night,58.8%,41.2%,tt2704998,2018-01-01,100,Action,Adventure,Comedy,6.9,227681,117679066
Dragon Ball Super: Broly,26.5%,73.5%,tt7961060,2018-01-01,100,Action,Adventure,Animation,7.8,25956,115757940
Detective Conan: The Fist of Blue Sapphire,-,100%,tt9501310,2019-01-01,109,Action,Adventure,Animation,6.3,1469,115570314
The Gentlemen,31.7%,68.3%,tt8367814,2019-01-01,113,Action,Comedy,Crime,7.8,308503,115171795
The Monkey King 3,0.2%,99.8%,tt6466464,2018-01-01,114,Action,Adventure,Family,5.5,1441,115084576
My Love,<0.1%,99.9%,tt1233484,2007-01-01,111,Comedy,Romance,NA,6.7,251,114016434
The Dark Tower,44.8%,55.2%,tt1648190,2017-01-01,95,Action,Adventure,Fantasy,5.6,136597,113231078
Pet Sematary,48.4%,51.6%,tt0098084,1989-01-01,103,Fantasy,Horror,Thriller,6.5,101553,113118226
Boonie Bears: Blast Into the Past,-,100%,tt10250750,2019-01-01,90,Adventure,Animation,Fantasy,5.3,204,112367881
The Call of the Wild,56.1%,43.9%,tt7504726,2020-01-01,100,Adventure,Drama,Family,6.7,46900,111105497
Good Boys,74.9%,25.1%,tt6977338,2019-01-01,90,Adventure,Comedy,NA,6.7,72038,111037232
Buddies in India,0.3%,99.7%,tt6152908,2017-01-01,99,Action,Comedy,NA,3.7,335,110155128
Along With the Gods: The Two Worlds,1.7%,98.3%,tt7160070,2017-01-01,139,Action,Drama,Fantasy,7.3,14647,109383972
Clifford the Big Red Dog,45.6%,54.4%,tt2397461,2021-01-01,96,Adventure,Comedy,Family,6,10696,107347356
First Man,42.5%,57.5%,tt1213641,2018-01-01,141,Biography,Drama,History,7.3,183678,105697415
Scary Stories to Tell in the Dark,65.9%,34.1%,tt3387520,2019-01-01,108,Adventure,Horror,Mystery,6.2,73235,104545505
Book Club,65.7%,34.3%,tt6857166,2018-01-01,104,Comedy,Drama,Romance,6.1,27690,104438188
Wrath of Man,26.4%,73.6%,tt11083552,2021-01-01,119,Action,Crime,Thriller,7.1,155381,103966489
Immortal Demon Slayer,-,100%,tt6513406,2017-01-01,123,Action,Adventure,Family,5.9,1660,103818506
Night School,75%,25%,tt6781982,2018-01-01,111,Comedy,NA,NA,5.6,39878,103105878
Jigsaw,37%,63%,tt3348730,2017-01-01,92,Crime,Horror,Mystery,5.7,77159,102952888
Detective Conan: Zero the Enforcer,-,100%,tt7880466,2018-01-01,115,Action,Adventure,Animation,6.2,1511,101860359
Life,30.1%,69.9%,tt5442430,2017-01-01,104,Horror,Sci-Fi,Thriller,6.6,223201,100541806
Atomic Blonde,51.7%,48.3%,tt2406566,2017-01-01,115,Action,Thriller,NA,6.7,188992,100014025
Line Walker 2: Invisible Spy,0.3%,99.7%,tt10295602,2019-01-01,98,Action,Crime,Thriller,6.1,803,99482027
Alpha,36.5%,63.5%,tt4244998,2018-01-01,96,Action,Adventure,Drama,6.7,61221,98203196
Along With the Gods: The Last 49 Days,1.2%,98.8%,tt8116428,2018-01-01,142,Action,Drama,Fantasy,7.1,6948,97962238
A Simple Favor,54.8%,45.2%,tt7040874,2018-01-01,117,Comedy,Crime,Mystery,6.8,144298,97644617
Legend of the Demon Cat,-,100%,tt6157626,2017-01-01,129,Adventure,Drama,Family,6.2,2634,97051623
The Shack,59.2%,40.8%,tt2872518,2017-01-01,132,Drama,Fantasy,NA,6.3,35192,96942115
Boonie Bears: The Big Shrink,-,100%,tt8028526,2018-01-01,90,Animation,NA,NA,5.4,205,96845907
The Favourite,35.8%,64.2%,tt5083738,2018-01-01,119,Biography,Comedy,Drama,7.5,193203,95918706
The New King of Comedy,-,100%,tt9368628,2019-01-01,90,Comedy,Drama,NA,6.2,1629,95618308
Detective Conan: The Scarlet Bullet,-,100%,tt12093860,2021-01-01,110,Action,Animation,Crime,6.3,924,95580715
Truth or Dare,43.4%,56.6%,tt6772950,2018-01-01,100,Horror,Thriller,NA,5.2,54073,95330493
The Hustle,37.3%,62.7%,tt1298644,2019-01-01,93,Comedy,Crime,NA,5.4,57060,95017038
Adoring,-,100%,tt10203982,2019-01-01,108,Drama,Family,Romance,5.5,173,94975692
Kill Mobile,-,100%,tt9408490,2018-01-01,90,Drama,NA,NA,5.6,340,94870905
I Feel Pretty,51.6%,48.4%,tt6791096,2018-01-01,110,Comedy,Romance,NA,5.6,53028,94539426
Blockers,64.1%,35.9%,tt2531344,2018-01-01,102,Comedy,NA,NA,6.2,78008,94017294
BlacKkKlansman,52.8%,47.2%,tt7349662,2018-01-01,135,Biography,Comedy,Crime,7.5,253756,93400823
Evangelion: 3.0+1.01 Thrice Upon a Time,-,100%,tt2458948,2021-01-01,154,Action,Animation,Drama,8,8436,92246218
End Game,<0.1%,100%,tt0415778,2006-01-01,93,Action,Thriller,NA,5.1,5411,91824961
Shadow,0.6%,99.4%,tt6864046,2018-01-01,116,Action,Adventure,Drama,7,15227,91708374
Crawl,42.6%,57.4%,tt8364368,2019-01-01,87,Action,Adventure,Horror,6.1,81607,91542097
Five Feet Apart,50%,50%,tt6472976,2019-01-01,116,Drama,Romance,NA,7.2,60887,91522094
Rambo: Last Blood,49%,51%,tt1206885,2019-01-01,89,Action,Thriller,NA,6.1,93955,91490353
Overboard,55.1%,44.9%,tt0093693,1987-01-01,112,Comedy,Romance,NA,6.9,58278,91244913
Sherlock Gnomes,47.8%,52.2%,tt2296777,2018-01-01,86,Adventure,Animation,Comedy,5.2,12058,90497778
Jojo Rabbit,36.9%,63.1%,tt2584384,2019-01-01,108,Comedy,Drama,War,7.9,363411,90335025
Old,53.6%,46.4%,tt10954652,2021-01-01,108,Drama,Horror,Mystery,5.8,91064,90146510
Detective Dee: The Four Heavenly Kings,0.3%,99.7%,tt6869538,2018-01-01,132,Action,Adventure,Drama,6.3,2674,90040771
Chasing the Dragon,0.5%,99.5%,tt6015328,2017-01-01,128,Action,Biography,Crime,6.7,3969,87965942
Serial (Bad) Weddings 2,-,100%,tt6556670,2019-01-01,99,Comedy,Drama,NA,6.1,7458,87761988
Tiger Zinda Hai,6.4%,93.6%,tt5956100,2017-01-01,161,Action,Adventure,Thriller,6,28371,87320000
"Hello, Mrs. Money",-,100%,tt8299800,2018-01-01,113,Comedy,NA,NA,4.7,288,86874070
Robin Hood,35.6%,64.4%,tt0955308,2010-01-01,140,Action,Adventure,Drama,6.6,265110,86489031
A Taxi Driver,1.8%,98.2%,tt6878038,2017-01-01,137,Action,Drama,History,7.9,22594,86252940
I Can Only Imagine,97%,3%,tt6450186,2018-01-01,110,Biography,Drama,Family,7.3,15970,86086881
Hidden Man,-,100%,tt8434380,2018-01-01,137,Action,Crime,Drama,6.3,2078,85170581
Going in Style,53%,47%,tt2568862,2017-01-01,96,Comedy,Crime,NA,6.6,83755,84918541
Mortal Kombat,50.6%,49.4%,tt0293429,2021-01-01,110,Action,Adventure,Fantasy,6.1,163979,83726031
Mortal Engines,19.1%,80.9%,tt1571234,2018-01-01,128,Action,Adventure,Fantasy,6.1,122306,83672673
Rings,33.5%,66.5%,tt0498381,2017-01-01,102,Drama,Horror,Mystery,4.5,40157,83080890
Once Upon A Time,0.6%,99.4%,tt6138688,2017-01-01,109,Drama,Fantasy,Romance,5.3,1381,82886178
One Piece: Stampede,1.6%,98.4%,tt9430698,2019-01-01,101,Action,Adventure,Animation,7.6,5483,81562741
iPartment the Movie,-,100%,tt8893870,2018-01-01,117,Adventure,Comedy,Fantasy,2.8,130,81096321
Doraemon the Movie: Nobita's Treasure Island,-,100%,tt8098546,2018-01-01,108,Adventure,Animation,Comedy,6.8,757,80920916
A Dog's Way Home,52%,48%,tt7616798,2019-01-01,96,Adventure,Drama,Family,6.7,17375,80708134
Caught in Time,-,100%,tt9877138,2020-01-01,95,Crime,Drama,NA,6,659,80543319
Den of Thieves,55.8%,44.2%,tt1259528,2018-01-01,140,Action,Crime,Drama,7,106719,80509622
Hereditary,54.9%,45.1%,tt7784604,2018-01-01,127,Drama,Horror,Mystery,7.3,287977,80200936
Paradox,-,100%,tt7245176,2017-01-01,101,Action,Adventure,Crime,6.5,3886,79226860
Lady Bird,62%,38%,tt4925292,2017-01-01,94,Comedy,Drama,NA,7.4,275990,78965611
Code Blue: The Movie,-,100%,tt7731512,2018-01-01,127,Drama,NA,NA,7.2,1269,78778562
Tag,70.1%,29.9%,tt2854926,2018-01-01,100,Action,Comedy,NA,6.5,129391,78130625
Boonie Bears: The Wild Life,-,100%,tt11654032,2020-01-01,99,Animation,NA,NA,5.4,115,77961427
Candyman,79%,21%,tt0103919,1992-01-01,99,Horror,Thriller,NA,6.7,87948,77411570
Fantastica: A Boonie Bears Adventure,-,100%,tt6857250,2017-01-01,89,Action,Adventure,Animation,5.6,183,77151096
The Forever Purge,57.8%,42.2%,tt10327252,2021-01-01,103,Action,Horror,Thriller,5.4,27760,76994245
Sanju,10.3%,89.7%,tt6452574,2018-01-01,155,Biography,Comedy,Drama,7.8,52724,76693052
Cold Pursuit,42.1%,57.9%,tt5719748,2019-01-01,119,Action,Comedy,Crime,6.2,67224,76419755
Vice,62.9%,37.1%,tt6266538,2018-01-01,132,Biography,Comedy,Drama,7.2,140662,76073488
Widows,55.8%,44.2%,tt4218572,2018-01-01,129,Crime,Drama,Thriller,6.9,95451,75984700
West Side Story,50.7%,49.3%,tt0055614,1961-01-01,153,Crime,Drama,Musical,7.6,111619,75962377
Sicario: Day of the Soldado,66%,34%,tt5052474,2018-01-01,122,Action,Adventure,Crime,7.1,142282,75837743
A Dog's Journey,30.1%,69.9%,tt8385474,2019-01-01,109,Adventure,Comedy,Drama,7.4,23737,75741734
Searching,34.5%,65.5%,tt7668870,2018-01-01,102,Drama,Mystery,Thriller,7.6,158220,75462037
The Spy Who Dumped Me,44.6%,55.4%,tt6663582,2018-01-01,117,Action,Adventure,Comedy,6,76044,75320680
1921,-,100%,tt6958030,2018-01-01,144,Horror,Mystery,Romance,4.5,1230,75159828
Animal World,-,100%,tt7946836,2018-01-01,132,Action,Fantasy,Sci-Fi,6.5,4374,74922830
A Madea Family Funeral,98%,2%,tt7054636,2019-01-01,109,Comedy,Drama,NA,4.5,4427,74747725
Cats,36.8%,63.2%,tt5697572,2019-01-01,110,Comedy,Drama,Family,2.8,49540,73833348
Charlie's Angels,24.3%,75.7%,tt0160127,2000-01-01,98,Action,Adventure,Comedy,5.6,185044,73279888
Amazing China,-,100%,tt8081062,2018-01-01,90,Documentary,NA,NA,1.6,3828,72506343
Doctor Sleep,43.6%,56.4%,tt5606664,2019-01-01,152,Drama,Fantasy,Horror,7.3,180596,72381712
Second Act,54.3%,45.7%,tt2126357,2018-01-01,103,Comedy,Drama,Romance,5.8,26775,72282227
What Men Want,75.6%,24.4%,tt7634968,2019-01-01,117,Comedy,Fantasy,Romance,5.3,27549,72216294
Hitman's Wife's Bodyguard,54.3%,45.7%,tt8385148,2021-01-01,100,Action,Comedy,Crime,6.1,80340,70060492
After,17.5%,82.5%,tt4126476,2019-01-01,105,Drama,Romance,NA,5.4,51406,69518232
Exit,0.7%,99.3%,tt10648440,2019-01-01,103,Action,Comedy,NA,7,5695,69501772
Playing with Fire,64%,36%,tt9134216,2019-01-01,96,Comedy,Family,NA,5.1,14233,69412425
The Nut Job 2: Nutty by Nature,41.3%,58.7%,tt3486626,2017-01-01,91,Adventure,Animation,Comedy,5.5,6533,68743485
The Yin-Yang Master: Dream of Eternity,-,100%,tt11454718,2020-01-01,132,Action,Drama,Fantasy,6.5,4618,68000000
Shoplifters,4.9%,95.1%,tt8075192,2018-01-01,121,Crime,Drama,NA,7.9,73131,67999335
A Beautiful Day in the Neighborhood,90.8%,9.2%,tt3224458,2019-01-01,109,Biography,Drama,NA,7.3,75977,67925733
12 Strong,67.9%,32.1%,tt1413492,2018-01-01,130,Action,Drama,History,6.5,77335,67450815
American Assassin,53.9%,46.1%,tt1961175,2017-01-01,111,Action,Thriller,NA,6.2,80041,67234188
War,6.9%,93.1%,tt0499556,2007-01-01,103,Action,Crime,Thriller,6.2,90087,67179155
Mulan,-,100%,tt0120762,1998-01-01,88,Adventure,Animation,Comedy,7.6,277917,66800000
Victoria & Abdul,33.4%,66.6%,tt5816682,2017-01-01,111,Biography,Drama,History,6.8,35311,66558465
"Love, Simon",61.6%,38.4%,tt5164432,2018-01-01,110,Comedy,Drama,Romance,7.6,110308,66316289
Mile 22,54.5%,45.5%,tt4560436,2018-01-01,94,Action,Thriller,NA,6.1,77305,66308758
Life of the Party,80.6%,19.4%,tt5619332,2018-01-01,105,Comedy,NA,NA,5.6,36680,65859911
Eiga Doraemon: Nobita no getsumen tansaki,-,100%,tt9735672,2019-01-01,111,Action,Adventure,Animation,7,722,65406606
Stand by Me Doraemon 2,-,100%,tt13428402,2020-01-01,96,Animation,Comedy,Drama,7.8,3527,65201374
Happy Death Day 2U,43.6%,56.4%,tt8155288,2019-01-01,100,Comedy,Horror,Mystery,6.2,70573,64600152
L Storm,-,100%,tt8031554,2018-01-01,97,Action,Crime,NA,5.7,534,64517456
Capernaum,2.6%,97.4%,tt8267604,2018-01-01,126,Drama,NA,NA,8.4,83443,64417003
Isle of Dogs,49.8%,50.2%,tt5104604,2018-01-01,101,Adventure,Animation,Comedy,7.8,161865,64241499
Suck Me Shakespeer 3,-,100%,tt6471264,2017-01-01,120,Comedy,NA,NA,5.4,5740,64236772
The Rescue,<0.1%,100%,tt9098872,2021-01-01,107,Action,Documentary,Mystery,8.4,11238,64203587
Belle,6.3%,93.7%,tt2404181,2013-01-01,100,Biography,Drama,Romance,7.3,30128,63884395
Detective Conan: Crimson Love Letter,-,100%,tt5692622,2017-01-01,112,Action,Adventure,Animation,6.5,1219,63144805
The Mountain Between Us,48.3%,51.7%,tt2226597,2017-01-01,112,Action,Adventure,Drama,6.4,73796,62832209
The Star,65%,35%,tt4587656,2017-01-01,86,Adventure,Animation,Comedy,6.3,8006,62812974
How to Be a Latin Lover,51.4%,48.6%,tt4795124,2017-01-01,115,Comedy,Drama,NA,6,15890,62547032
Andhadhun,1.9%,98.1%,tt8108198,2018-01-01,139,Comedy,Crime,Music,8.2,88523,62475342
47 Meters Down,71.2%,28.8%,tt2932536,2017-01-01,89,Adventure,Drama,Horror,5.6,53696,62187529
White Snake,<0.1%,99.9%,tt9288776,2019-01-01,99,Action,Adventure,Animation,7,4050,62098770
"Everything, Everything",55.4%,44.6%,tt5001718,2017-01-01,96,Drama,Romance,NA,6.4,37613,61621140
Bombshell,51.7%,48.3%,tt6394270,2019-01-01,109,Biography,Drama,NA,6.8,110369,61404394
Ashfall,0.6%,99.4%,tt11285908,2019-01-01,130,Action,Adventure,Thriller,6.2,4545,61354854
Doraemon: Great Adventure in the Antarctic Kachi Kochi,-,100%,tt5912470,2017-01-01,101,Adventure,Animation,Comedy,6.8,842,61153455
Ma,75.1%,24.9%,tt7958736,2019-01-01,99,Horror,Mystery,Thriller,5.6,51761,61105672
Snatched,75.4%,24.6%,tt2334871,2017-01-01,90,Action,Adventure,Comedy,4.6,35164,60845711
Ron's Gone Wrong,37.9%,62.1%,tt7504818,2021-01-01,107,Adventure,Animation,Comedy,7.1,28151,60692022
Love You Forever,-,100%,tt11285152,2019-01-01,115,Drama,Fantasy,Romance,6.6,155,60670799
The Founding of an Army,-,100%,tt7185492,2017-01-01,133,Action,Drama,History,4.4,994,60600361
My Little Pony: The Movie,36.3%,63.7%,tt4131800,2017-01-01,99,Adventure,Animation,Comedy,6.2,6868,60330833
My Best Summer,-,100%,tt10195976,2019-01-01,109,Drama,Romance,NA,6,218,60011073
Adrift,52.5%,47.5%,tt6306064,2018-01-01,96,Action,Adventure,Biography,6.6,54843,59945012
Molly's Game,48.5%,51.5%,tt4209788,2017-01-01,140,Biography,Crime,Drama,7.4,163675,59284015
The Devotion of Suspect X,1.2%,98.8%,tt3401392,2017-01-01,112,Crime,Thriller,NA,6.2,845,59035664
Shock Wave,-,100%,tt5847286,2017-01-01,119,Action,Crime,Thriller,6.3,3461,58815633
Cloudy Mountain,-,100%,tt15413054,2021-01-01,114,Action,Adventure,Drama,5.8,389,58281703
Goldbuster,0.3%,99.7%,tt7743588,2017-01-01,89,Comedy,Fantasy,NA,4.4,255,57628292
Ready or Not,49.8%,50.2%,tt7798634,2019-01-01,95,Action,Comedy,Horror,6.8,138886,57615777
Jade Dynasty,-,100%,tt9680630,2019-01-01,101,Action,Fantasy,Romance,6.5,1742,57149764
The 15:17 to Paris,63.6%,36.4%,tt6802308,2018-01-01,94,Biography,Drama,Thriller,5.3,32550,57076286
All the Money in the World,44.1%,55.9%,tt5294550,2017-01-01,132,Biography,Crime,Drama,6.8,83446,56996304
Das perfekte Geheimnis,-,100%,tt10145122,2019-01-01,120,Comedy,Drama,Romance,6.7,5245,56573047
The Big Sick,76%,24%,tt5462602,2017-01-01,120,Comedy,Drama,Romance,7.5,132136,56411585
A or B,-,100%,tt8366766,2018-01-01,114,Crime,Drama,Mystery,5.4,292,56239049
Nezha Reborn,-,100%,tt13269670,2021-01-01,118,Action,Animation,Fantasy,6.8,3013,56088478
The Big Shot,-,100%,tt0034513,1942-01-01,82,Drama,Film-Noir,NA,6.7,912,56040681
Gongjo,0.8%,99.2%,tt5606538,2017-01-01,124,Action,Comedy,Drama,6.6,3197,55972241
Nobody,49.5%,50.5%,tt7888964,2021-01-01,92,Action,Crime,Drama,7.4,216479,55705035
All Eyez on Me,80.7%,19.3%,tt1666185,2017-01-01,139,Biography,Drama,Music,5.8,22851,55668698
Hellboy,39.8%,60.2%,tt0167190,2004-01-01,122,Action,Adventure,Fantasy,6.9,322073,55064690
Downsizing,44.5%,55.5%,tt1389072,2017-01-01,135,Drama,Fantasy,Sci-Fi,5.7,107538,55003890
Go Brother!,-,100%,tt8774260,2018-01-01,115,Comedy,Fantasy,NA,6.4,459,54663060
Early Man,15.1%,84.9%,tt4701724,2018-01-01,89,Adventure,Animation,Comedy,6.1,21749,54622814
Upcoming,-,100%,tt13575838,2021-01-01,115,Drama,NA,NA,6.7,423,54300000
"I, Tonya",55.6%,44.4%,tt5580036,2017-01-01,119,Biography,Comedy,Drama,7.5,207337,53939297
Peppermint,65.7%,34.3%,tt6850820,2018-01-01,101,NA,NA,NA,6.5,63807,53918723
Long Shot,56.3%,43.7%,tt2139881,2019-01-01,125,Comedy,Romance,NA,6.8,107765,53873809
1987: When the Day Comes,-,100%,tt6493286,2017-01-01,129,Drama,NA,NA,7.8,4841,53834292
The Outlaws,-,100%,tt7468056,2017-01-01,121,Action,Crime,Thriller,7.2,6337,52946454
Man in Love,-,100%,tt14428606,2021-01-01,115,Drama,Romance,NA,7,1546,52946097
Break Through the Darkness,-,100%,tt13655044,2021-01-01,112,Drama,NA,NA,5.5,152,52700000
Greenland,-,100%,tt7737786,2020-01-01,119,Action,Drama,Sci-Fi,6.4,109065,52300000
Tolo Tolo,-,100%,tt10413566,2020-01-01,90,Comedy,Family,NA,5.8,3482,52186426
Teen Titans GO! To the Movies,57.2%,42.8%,tt7424200,2018-01-01,84,Action,Adventure,Animation,6.8,18860,52090236
Escape Room: Tournament of Champions,48.8%,51.2%,tt9844522,2021-01-01,88,Action,Adventure,Horror,5.7,37130,51914753
Slender Man,59.1%,40.9%,tt5690360,2018-01-01,93,Horror,Mystery,Thriller,3.2,33106,51738549
Schemes in Antiques,<0.1%,99.9%,tt11482948,2021-01-01,123,Action,Adventure,Comedy,6,241,51637422
Breaking In,91.1%,8.9%,tt7137846,2018-01-01,88,Action,Thriller,NA,5.4,15708,51411620
Cry Me a Sad River,-,100%,tt9036926,2018-01-01,104,Drama,Romance,NA,6.3,340,51400614
Simmba,9.9%,90.1%,tt7212726,2018-01-01,158,Action,Comedy,Crime,5.7,23194,51329025
Vanguard,1.6%,98.4%,tt9695722,2020-01-01,107,Action,Adventure,Comedy,4.7,5150,50866901
Kingdom,-,100%,tt9099938,2019-01-01,134,Action,History,War,6.6,2191,50574061
Breakthrough,80.7%,19.3%,tt7083526,2019-01-01,116,Biography,Drama,NA,6.2,9532,50444358
Just Mercy,71.4%,28.6%,tt4916630,2019-01-01,137,Biography,Crime,Drama,7.6,63768,50401502
Uncut Gems,100%,-,tt5727208,2019-01-01,135,Crime,Drama,Thriller,7.4,262762,50023780
Family is Family,-,100%,tt6859418,2018-01-01,107,Comedy,NA,NA,5.7,3936,49954866
21 Bridges,57.1%,42.9%,tt8688634,2019-01-01,99,Action,Thriller,NA,6.6,63152,49939757
Luca,-,100%,tt12801262,2021-01-01,95,Adventure,Animation,Comedy,7.5,145223,49750471
Song of Youth,-,100%,tt10066162,2019-01-01,112,Comedy,Drama,NA,6.2,277,49615508
Death Wish,68.6%,31.4%,tt1137450,2018-01-01,107,Action,Crime,Drama,6.3,71036,49562710
The Grudge,42.9%,57.1%,tt0391198,2004-01-01,91,Horror,Mystery,Thriller,5.9,143450,49511319
The New Mutants,48.5%,51.5%,tt4682266,2020-01-01,94,Action,Horror,Mystery,5.3,73478,49169594
Little,83.4%,16.6%,tt8085790,2019-01-01,109,Comedy,Fantasy,Romance,5.5,13161,48987096
Bleeding Steel,-,100%,tt5813366,2017-01-01,109,Action,Sci-Fi,Thriller,5.1,9894,48825526
Fantasy Island,55.9%,44.1%,tt0983946,2020-01-01,109,Fantasy,Horror,Mystery,4.9,48489,48811343
Isn't It Romantic,100%,-,tt2452244,2019-01-01,89,Comedy,Fantasy,Musical,5.9,68374,48791187
Belfast,19.1%,80.9%,tt12789558,2021-01-01,98,Biography,Drama,History,7.3,50721,48540228
The Legend of Hei,-,100%,tt10734928,2019-01-01,101,Action,Adventure,Animation,7.2,1387,48507082
Logan Lucky,57.3%,42.7%,tt5439796,2017-01-01,118,Action,Comedy,Crime,7,145853,48453605
Boo 2! A Madea Halloween,97.9%,2.1%,tt6217804,2017-01-01,101,Comedy,Drama,Horror,3.8,4700,48333932
Sky Hunter,-,100%,tt6908536,2017-01-01,115,Action,Drama,Romance,6.1,2699,48065601
Countdown,53.4%,46.6%,tt10039344,2019-01-01,90,Horror,Thriller,NA,5.4,35499,48021766
After We Collided,5%,95%,tt10362466,2020-01-01,105,Drama,Romance,NA,5.3,29025,47990414
"From Today, It's My Turn: The Movie",-,100%,tt11427318,2020-01-01,114,Action,Adventure,Comedy,6.4,444,47866854
Midsommar,57.3%,42.7%,tt8772262,2019-01-01,148,Drama,Horror,Mystery,7.1,281200,47863365
Queen & Slim,91.5%,8.5%,tt8722346,2019-01-01,132,Crime,Drama,Romance,7.1,30389,47861328
Phantom Thread,44.4%,55.6%,tt5776858,2017-01-01,130,Drama,Romance,NA,7.4,127775,47756590
Trolls 2: World Tour,0.9%,99.1%,tt6587640,2020-01-01,91,Adventure,Animation,Comedy,6.1,22127,47642456
47 Meters Down: Uncaged,46.8%,53.2%,tt7329656,2019-01-01,90,Adventure,Drama,Horror,5,25120,47582563
The Magic Tuche,-,100%,tt7066382,2018-01-01,95,Comedy,NA,NA,4.6,1153,47427990
Rough Night,46.7%,53.3%,tt4799050,2017-01-01,101,Comedy,NA,NA,5.2,51258,47347283
Don't Breathe 2,69.1%,30.9%,tt6246322,2021-01-01,98,Action,Crime,Horror,6.1,46389,47312950
Golden Job,0.6%,99.4%,tt7521990,2018-01-01,100,Action,Adventure,Crime,5.7,1292,47287851
Son of Bigfoot,0.6%,99.4%,tt5715410,2017-01-01,92,Adventure,Animation,Comedy,6.1,7004,47046281
My Hero Academia: World Heroes' Mission,26.1%,73.9%,tt13544716,2021-01-01,104,Action,Adventure,Animation,7.4,2854,46951862
Mary Queen of Scots,35.3%,64.7%,tt2328900,2018-01-01,124,Biography,Drama,History,6.3,48980,46712809
Uncle Drew,91%,9%,tt7334528,2018-01-01,103,Comedy,Sport,NA,5.8,14059,46664414
Three Seconds,-,100%,tt5987402,2017-01-01,133,Biography,Drama,Sport,6.7,4830,46596415
Acrimony,93.8%,6.2%,tt6063050,2018-01-01,120,Thriller,NA,NA,5.8,8720,46403669
The French Dispatch,34.8%,65.2%,tt8847712,2021-01-01,107,Comedy,Drama,Romance,7.2,97380,46333545
The Thousand Faces of Dunjia,0.3%,99.7%,tt6814080,2017-01-01,113,Action,Adventure,Fantasy,5.4,1269,46263237
The Battleship Island,2.4%,97.6%,tt5969696,2017-01-01,132,Action,Drama,History,7.1,6948,46183383
Hanson and the Beast,-,100%,tt7787418,2017-01-01,110,Comedy,Fantasy,Romance,5.2,525,46154323
Asterix: The Secret of the Magic Potion,2.8%,97.2%,tt8001346,2018-01-01,87,Adventure,Animation,Comedy,6.7,9407,45972321
Gintama Live Action the Movie,-,100%,tt5805470,2017-01-01,131,Action,Adventure,Comedy,6.1,2409,45746967
Chasing the Dragon II: Wild Wild Bunch,0.4%,99.6%,tt10279010,2019-01-01,101,Action,Biography,Crime,5.8,621,45733356
Judy,53.2%,46.8%,tt7549996,2019-01-01,118,Biography,Drama,Romance,6.8,49122,45701880
Guilty of Mind,-,100%,tt7232860,2017-01-01,110,Action,Crime,Drama,4.8,154,45698503
Tanhaji: The Unsung Warrior,-,100%,tt8108274,2020-01-01,135,Action,Biography,Drama,7.9,28163,45221814
Flatliners,37.4%,62.6%,tt0099582,1990-01-01,115,Drama,Horror,Sci-Fi,6.5,85529,45158254
Love Will Tear Us Apart,-,100%,tt0199724,1999-01-01,109,Drama,NA,NA,6.1,211,45060290
Child's Play,65%,35%,tt0094862,1988-01-01,87,Horror,Thriller,NA,6.6,98810,44907074
Bad Genius,-,100%,tt6788942,2017-01-01,130,Comedy,Crime,Drama,7.6,20320,44560421
Mother!,40%,60%,tt5109784,2017-01-01,121,Drama,Horror,Mystery,6.6,215523,44516999
Unhinged,47%,53%,tt10059518,2020-01-01,90,Action,Thriller,NA,6,63357,44331465
Winchester,57%,43%,tt1072748,2018-01-01,99,Drama,Fantasy,Horror,5.4,33495,44019588
Wind River,76.9%,23.1%,tt5362988,2017-01-01,107,Crime,Drama,Mystery,7.7,240868,43980821
In the Heights,68.2%,31.8%,tt1321510,2021-01-01,143,Drama,Musical,Romance,7.3,43930,43975167
The End of Endless Love,-,100%,tt13154372,2020-01-01,102,Drama,Romance,Sci-Fi,6.6,44,43950000
Battle of Memories,1.4%,98.6%,tt5636668,2017-01-01,119,Fantasy,Mystery,Sci-Fi,6.4,1063,43892362
Richard Jewell,51.1%,48.9%,tt3513548,2019-01-01,131,Biography,Crime,Drama,7.5,82540,43745542
Harriet,99.4%,0.6%,tt4648786,2019-01-01,125,Action,Biography,Drama,6.6,25610,43347017
The Snowman,15.5%,84.5%,tt1758810,2017-01-01,119,Crime,Drama,Thriller,5.1,62558,43155261
A Shaun the Sheep Movie: Farmageddon,-,100%,tt6193408,2019-01-01,86,Adventure,Animation,Comedy,6.8,13308,43100248
Annihilation,76%,24%,tt2798920,2018-01-01,115,Adventure,Drama,Horror,6.8,310313,43070915
Gifted,57.6%,42.4%,tt4481414,2017-01-01,101,Drama,NA,NA,7.6,112367,43046590
The Possession of Hannah Grace,34.5%,65.5%,tt5734576,2018-01-01,86,Horror,Mystery,Thriller,5.2,22172,43016528
Spirit Untamed,41.5%,58.5%,tt11084896,2021-01-01,88,Adventure,Animation,Comedy,5.5,3333,42717215
Peninsula,2.9%,97.1%,tt8850222,2020-01-01,116,Action,Horror,Thriller,5.5,30913,42698327
Son of a Rich,-,100%,tt11418452,2019-01-01,109,Comedy,NA,NA,6.7,4248,42392054
Loving Vincent,16%,84%,tt3262342,2017-01-01,94,Animation,Biography,Crime,7.8,56474,42187665
Monster Hunter,36%,64%,tt6475714,2020-01-01,103,Action,Adventure,Fantasy,5.3,54810,42145959
Long Day's Journey Into Night,1.2%,98.8%,tt8185182,2018-01-01,138,Drama,Mystery,Romance,7.1,7890,42140994
Mary and the Witch's Flower,5.8%,94.2%,tt6336356,2017-01-01,103,Adventure,Animation,Family,6.8,13967,41978431
Call Me by Your Name,43.2%,56.8%,tt5726616,2017-01-01,132,Drama,Romance,NA,7.9,254273,41887595
T2 Trainspotting,5.8%,94.2%,tt2763304,2017-01-01,117,Drama,NA,NA,7.2,121858,41681746
Overlord,52.1%,47.9%,tt4530422,2018-01-01,110,Action,Horror,Sci-Fi,6.6,96115,41657844
The Great Battle,1.1%,98.9%,tt6931414,2018-01-01,136,Action,Drama,History,7,4933,41509280
The Darkest Minds,30.9%,69.1%,tt4073790,2018-01-01,104,Action,Adventure,Drama,5.7,31579,41142379
Fist Fight,78.3%,21.7%,tt3401882,2017-01-01,91,Comedy,NA,NA,5.6,42206,41087017
"Lost, Found",-,100%,tt9034530,2018-01-01,102,Drama,Mystery,NA,6.5,309,41043552
Underwater,42.3%,57.7%,tt5774060,2020-01-01,95,Action,Horror,Sci-Fi,5.8,78027,40882928
Fighting with My Family,56.3%,43.7%,tt6513120,2019-01-01,108,Biography,Comedy,Drama,7.1,78760,40812363
The War with Grandpa,52.3%,47.7%,tt4532038,2020-01-01,94,Comedy,Drama,Family,5.6,19621,40709936
The Circle,50.4%,49.6%,tt4287320,2017-01-01,110,Drama,Sci-Fi,Thriller,5.3,90899,40656399
Spiral,57.2%,42.8%,tt10342730,2021-01-01,93,Crime,Drama,Horror,5.2,46849,40618920
Holmes & Watson,75.6%,24.4%,tt1255919,2018-01-01,90,Comedy,Crime,Mystery,3.9,35686,40466970
Masquerade Hotel,-,100%,tt7502322,2019-01-01,133,Crime,Drama,Mystery,6.3,1750,40396244
Diary of a Wimpy Kid: The Long Haul,51.7%,48.3%,tt6003368,2017-01-01,91,Adventure,Comedy,Family,4.3,8819,40140972
Snake Eyes,70.5%,29.5%,tt0120832,1998-01-01,98,Crime,Mystery,Thriller,6.1,80401,40064325
Brotherhood of Blades 2,<0.1%,100%,tt7055592,2017-01-01,120,Action,Adventure,Drama,6.6,1902,39966092
The Last Wish,-,100%,tt10219674,2019-01-01,107,Drama,NA,NA,5.2,131,39756292
Midnight Runners,-,100%,tt7056732,2017-01-01,109,Action,Comedy,Crime,7.3,6962,39730433
Tokyo Revengers,-,100%,tt11923304,2021-01-01,120,Action,Crime,Drama,7.1,1088,39714073
Nightmare Alley,28.6%,71.4%,tt7740496,2021-01-01,150,Crime,Drama,Thriller,7.1,100937,39629195
Intimate Strangers,-,100%,tt0363532,2004-01-01,104,Drama,Romance,Thriller,6.9,5064,39576060
Thugs of Hindostan,3.7%,96.3%,tt5970844,2018-01-01,164,Action,Adventure,NA,4.1,19265,39570044
Nomadland,9.4%,90.6%,tt9770150,2020-01-01,107,Drama,NA,NA,7.3,148470,39458207
Uri: The Surgical Strike,10.6%,89.4%,tt8291224,2019-01-01,138,Action,Drama,History,8.4,57785,39346577
Sink or Swim,-,100%,tt7476116,2018-01-01,121,Comedy,Drama,Sport,6.9,10477,39193850
Show Dogs,45.6%,54.4%,tt5691024,2018-01-01,92,Adventure,Comedy,Crime,3.9,4660,39156854
Believer,0.9%,99.1%,tt7095654,2018-01-01,123,Action,Crime,Thriller,6.5,2381,39047153
The Spy Gone North,1.3%,98.7%,tt8290698,2018-01-01,137,Drama,Thriller,NA,7.3,4920,38844509
On the Basis of Sex,63.7%,36.3%,tt4669788,2018-01-01,120,Biography,Drama,NA,7.1,33425,38673750
Resident Evil: Welcome to Raccoon City,44%,56%,tt6920084,2021-01-01,107,Action,Horror,Sci-Fi,5.2,40222,38600612
Taxi 5,-,100%,tt7238392,2018-01-01,102,Action,Comedy,Crime,4.7,9207,38598227
King Richard,39.4%,60.6%,tt9620288,2021-01-01,144,Biography,Drama,Sport,7.5,75102,38429285
Arashi Anniversary Tour 5 x 20 Film: Record of Memories,-,100%,tt14734538,2021-01-01,147,Music,NA,NA,8.8,24,38052695
Overcomer,91.4%,8.6%,tt8186318,2019-01-01,119,Drama,Family,Sport,6.6,4750,38026103
The King,-,100%,tt7984766,2019-01-01,140,Biography,Drama,History,7.3,119530,37886707
The Yinyang Master,-,100%,tt12151820,2021-01-01,113,Action,Adventure,Drama,6.4,2554,37690000
PokÃ©mon the Movie: I Choose You!,6.4%,93.6%,tt6595896,2017-01-01,98,Action,Adventure,Animation,6.3,6742,37552144
Fat Buddies,-,100%,tt8845432,2018-01-01,109,Action,Comedy,NA,4.4,163,37496410
Sarileru Neekevvaru,2.2%,97.8%,tt10773090,2020-01-01,169,Action,Comedy,Drama,6.2,7112,37389889
Pain and Glory,12.2%,87.8%,tt8291806,2019-01-01,113,Drama,NA,NA,7.5,56350,37359689
Home Again,72.5%,27.5%,tt5719700,2017-01-01,97,Comedy,Drama,Romance,5.8,31648,37270721
A Witness Out of the Blue,-,100%,tt11076480,2019-01-01,104,Crime,Mystery,Thriller,6.1,608,37092694
Till The End Of The World,0.3%,99.7%,tt7962598,2018-01-01,117,Adventure,Drama,NA,6.6,368,37013733
Rurouni Kenshin: Final Chapter Part I - The Final,-,100%,tt11809034,2021-01-01,138,Action,Drama,NA,7.2,8190,36964978
2.0,11.2%,88.8%,tt5080556,2018-01-01,148,Action,Sci-Fi,Thriller,6.4,23640,36945969
The Adventurers,0.6%,99.4%,tt5866930,2017-01-01,140,Action,Adventure,Crime,5.6,3030,36796816
New Interpretation Records of the Three Kingdoms,-,100%,tt12718318,2020-01-01,113,Comedy,History,NA,4.8,165,36747486
The Intruder,96.8%,3.2%,tt6722030,2019-01-01,102,Thriller,NA,NA,5.6,16973,36599361
The Confidence Man JP: Princess,-,100%,tt12767996,2020-01-01,124,Comedy,Crime,NA,6.8,999,36109913
The Door Lock,-,100%,tt13010918,2021-01-01,105,Crime,Drama,Thriller,4.7,73,36100000
Nothing to Lose,2.8%,97.2%,tt0119807,1997-01-01,98,Action,Adventure,Comedy,6.7,46135,36075317
T-34,-,100%,tt8820590,2018-01-01,139,Action,War,NA,6.8,12005,35950901
"Tad, the Lost Explorer, and the Secret of King Midas",<0.1%,100%,tt3896102,2017-01-01,85,Adventure,Animation,Comedy,6.2,3302,35704046
Hostiles,83.6%,16.4%,tt5478478,2017-01-01,134,Drama,Western,NA,7.2,82027,35669017
The Queen's Corgi,-,100%,tt6563576,2019-01-01,85,Animation,Comedy,Family,4.8,6614,35515687
Mia and the White Lion,1.1%,98.9%,tt4844148,2018-01-01,98,Adventure,Drama,Family,6.5,5284,35487190
Namiya,0.2%,99.8%,tt7645502,2017-01-01,116,Drama,Family,Fantasy,5,516,35351623
Destiny: The Tale of Kamakura,-,100%,tt6493648,2017-01-01,129,Crime,Drama,Fantasy,6.7,1255,35166640
The Girl in the Spider's Web,42.2%,57.8%,tt5177088,2018-01-01,115,Action,Crime,Drama,6.1,46713,35164920
The Liquidator,-,100%,tt0059390,1965-01-01,105,Action,Comedy,Crime,5.9,1072,35046130
I Fell in Love Like a Flower Bouquet,-,100%,tt11219254,2021-01-01,124,Drama,Romance,NA,7.3,1588,34975905
The Hate U Give,85.1%,14.9%,tt5580266,2018-01-01,133,Crime,Drama,NA,7.4,35311,34934009
Kidnap,89%,11%,tt1458169,2017-01-01,95,Action,Crime,Drama,5.9,36579,34814102
The Man Standing Next,0.3%,99.7%,tt11358398,2020-01-01,114,Drama,History,Thriller,6.9,3026,34664900
R.A.I.D. Special Unit,-,100%,tt5736696,2016-01-01,105,Action,Comedy,Romance,5.5,3951,34598750
My Mom is a Character 3,-,100%,tt10611372,2019-01-01,111,Comedy,NA,NA,7,2234,34360029
The House,74.8%,25.2%,tt4481514,2017-01-01,88,Comedy,Crime,NA,5.6,43531,34184504
The Battle: Roar to Victory,-,100%,tt10510654,2019-01-01,135,Action,Drama,History,6.3,683,34148707
The Bad Guys: The Movie,0.5%,99.5%,tt10726604,2019-01-01,114,Action,Crime,Thriller,6.1,1461,34024386
Malignant,39.4%,60.6%,tt3811906,2021-01-01,111,Crime,Horror,Mystery,6.3,78934,33991791
Doraemon the Movie: Nobita's New Dinosaur,-,100%,tt10588750,2020-01-01,110,Adventure,Animation,Comedy,7.6,932,33942341
The Good Liar,50.7%,49.3%,tt5563334,2019-01-01,109,Crime,Drama,Mystery,6.7,39346,33856058
The Art of Racing in the Rain,78.2%,21.8%,tt1478839,2019-01-01,109,Comedy,Drama,Romance,7.6,29835,33766787
I Want to Eat Your Pancreas,0.8%,99.2%,tt7236034,2018-01-01,109,Animation,Drama,Family,8.1,14468,33748006
Deliver Us from Evil,-,100%,tt2377322,2014-01-01,118,Crime,Drama,Fantasy,6.2,75775,33718703
Nobody's Fool,94.1%,5.9%,tt0110684,1994-01-01,110,Comedy,Drama,NA,7.3,20064,33705333
Bloodshot,37.5%,62.5%,tt1634106,2020-01-01,109,Action,Adventure,Sci-Fi,5.7,75096,33542457
Perfect Strangers,3.1%,96.9%,tt4901306,2016-01-01,96,Comedy,Drama,NA,7.7,63576,33262366
Bharat,9%,91%,tt7721800,2019-01-01,150,Action,Comedy,Drama,4.9,30510,33185983
Baaghi 2,4%,96%,tt6843812,2018-01-01,137,Action,Crime,Drama,4.9,10420,33139063
Sleepless,63.1%,36.9%,tt2072233,2017-01-01,95,Action,Crime,Thriller,5.6,31996,32917353
Brightburn,52.6%,47.4%,tt7752126,2019-01-01,90,Drama,Horror,Mystery,6.1,93567,32893421
Hindi Medium,-,100%,tt5764096,2017-01-01,132,Comedy,Drama,NA,7.9,27736,32841493
Fly Me to the Saitama,-,100%,tt8860946,2019-01-01,106,Comedy,Drama,Fantasy,6.3,723,32802347
Big Red Envelope,-,100%,tt13917134,2021-01-01,122,NA,NA,NA,4.7,38,32800000
Steel Rain,-,100%,tt6769508,2017-01-01,139,Action,Drama,Thriller,7.1,5452,32783733
The Hurricane Heist,18.8%,81.2%,tt5360952,2018-01-01,103,Action,Adventure,Crime,5.1,20455,32517248
UglyDolls,62.1%,37.9%,tt1946502,2019-01-01,87,Adventure,Animation,Comedy,5,6748,32450241
The House That Never Dies II,-,100%,tt7627782,2017-01-01,97,Horror,Thriller,NA,4.9,87,32433588
Stuber,69.1%,30.9%,tt7734218,2019-01-01,93,Action,Comedy,Crime,6.2,46186,32390945
Hit Me Anyone One More Time!,-,100%,tt8825764,2019-01-01,127,Comedy,Drama,NA,6.1,536,32333512
Masquerade Night,-,100%,tt13582738,2021-01-01,129,Crime,Drama,Mystery,6.5,263,32287400
Licorice Pizza,53.7%,46.3%,tt11271038,2021-01-01,133,Comedy,Drama,Romance,7.4,68838,32221770
Somewhere Winter,-,100%,tt11162126,2019-01-01,125,Drama,NA,NA,6,102,32218990
Once Upon a Time in Hong Kong,-,100%,tt14466064,2021-01-01,105,Action,Crime,History,5.5,149,32218874
Home Sweet Home,-,100%,tt2348394,2013-01-01,80,Horror,Mystery,Thriller,4.7,1772,32178677
The Kid Who Would Be King,52.2%,47.8%,tt6811018,2019-01-01,120,Action,Adventure,Family,6.1,16475,32140970
Respect,75.6%,24.4%,tt2452150,2021-01-01,145,Biography,Drama,Music,6.5,11334,32121125
Two Tigers,-,100%,tt0867205,2007-01-01,90,Action,Crime,Drama,4.2,438,32001580
All About Me,-,100%,tt5581284,2018-01-01,100,Biography,Comedy,Drama,7.3,4354,31920159
Bad Times at the El Royale,56%,44%,tt6628394,2018-01-01,141,Crime,Drama,Mystery,7.1,144078,31882724
Beautiful Boy,24.1%,75.9%,tt1226837,2018-01-01,120,Biography,Drama,NA,7.3,70489,31711319
Hunter Killer,49.8%,50.2%,tt1846589,2018-01-01,121,Action,Thriller,NA,6.6,61521,31672678
Anna,24.5%,75.5%,tt7456310,2019-01-01,118,Action,Thriller,NA,6.6,77830,31626978
Super Troopers 2,96.8%,3.2%,tt0859635,2018-01-01,100,Comedy,Crime,Mystery,6,26199,31626386
Honest Thief,45.4%,54.6%,tt1838556,2020-01-01,99,Action,Crime,Drama,6,47698,31220247
The Invisible Guest,-,100%,tt4857264,2016-01-01,106,Crime,Drama,Mystery,8.1,169060,31191910
My Dear Liar,0.3%,99.7%,tt11091530,2019-01-01,116,Drama,NA,NA,6.4,291,31177968
The Wild Goose Lake,<0.1%,100%,tt9647768,2019-01-01,113,Crime,Drama,NA,6.8,6520,31064835
The Strangers: Prey at Night,79.2%,20.8%,tt1285009,2018-01-01,85,Horror,NA,NA,5.2,30366,31039126
This Is Not What I Expected,1.1%,98.9%,tt6772874,2017-01-01,106,Comedy,Drama,Romance,6.7,1581,30996615
Gintama 2: Rules are Made to be Broken,-,100%,tt7639528,2018-01-01,134,Action,Adventure,Comedy,6.4,1017,30896653
The Unholy,50.4%,49.6%,tt9419056,2021-01-01,99,Drama,Horror,Mystery,5.1,18733,30832137
The Last Warrior,-,100%,tt6175394,2017-01-01,114,Action,Adventure,Comedy,6.5,2858,30618274
The Last Duel,35.5%,64.5%,tt4244994,2021-01-01,152,Action,Drama,History,7.4,131693,30552111
Like a Boss,72.9%,27.1%,tt7545266,2020-01-01,83,Comedy,NA,NA,4.6,13481,30399490
The Way of the Bug,-,100%,tt8793220,2018-01-01,99,Comedy,NA,NA,4.3,36,30355804
Clergy,-,100%,tt8738964,2018-01-01,133,Drama,NA,NA,7.4,5617,30114115
My Hero Academia: Heroes Rising,44.4%,55.6%,tt11107074,2019-01-01,104,Action,Adventure,Animation,7.9,7390,29971229
The Little Things,51.2%,48.8%,tt10016180,2021-01-01,128,Crime,Drama,Mystery,6.3,92095,29942746
The Bye Bye Man,75%,25%,tt4030600,2017-01-01,96,Drama,Fantasy,Horror,4.3,23611,29874280
Escape from Mogadishu,1.2%,98.8%,tt14810692,2021-01-01,121,Action,Drama,Thriller,7.1,3928,29867185
The Disaster Artist,70.8%,29.2%,tt3521126,2017-01-01,104,Biography,Comedy,Drama,7.3,149826,29820616
Ice,-,100%,tt5844488,2018-01-01,113,Drama,Musical,Romance,6.9,3243,29806210
The Swindlers,0.8%,99.2%,tt7243686,2017-01-01,117,Action,Crime,Thriller,6.6,1953,29721916
Free Solo,59.7%,40.3%,tt7775622,2018-01-01,100,Adventure,Documentary,Sport,8.1,64638,29390279
Alibi.com,-,100%,tt5657028,2017-01-01,90,Comedy,NA,NA,6.5,8146,29370592
Sword Art Online the Movie: Ordinal Scale,5.2%,94.8%,tt5544384,2017-01-01,119,Action,Adventure,Animation,7.4,7765,29322339
Fall In Love At First Kiss,-,100%,tt9657764,2019-01-01,122,Comedy,Romance,NA,6,685,29206238
Dark Figure of Crime,-,100%,tt8119680,2018-01-01,110,Crime,Drama,NA,6.7,2027,29176133
Pad Man,5.8%,94.2%,tt7218518,2018-01-01,140,Biography,Comedy,Drama,8,25136,29045020
Recep Ivedik 5,-,100%,tt6439558,2017-01-01,114,Comedy,NA,NA,3.4,15993,28952258
Mirai,2.8%,97.2%,tt6900448,2018-01-01,98,Adventure,Animation,Drama,7,15194,28756961
Judwaa 2,5%,95%,tt5456546,2017-01-01,145,Action,Comedy,NA,3.6,10542,28733523
Bath Buddy,-,100%,tt13347818,2020-01-01,103,Comedy,NA,NA,5.9,304,28700000
Master,-,100%,tt10579952,2021-01-01,179,Action,Thriller,NA,8,68781,28692230
The Fortress,0.9%,99.1%,tt7160176,2017-01-01,140,Action,Drama,History,6.8,2413,28645448
Ala Vaikunthapurramuloo,-,100%,tt9537292,2020-01-01,163,Action,Comedy,Drama,7.5,15104,28477890
The Last Warrior: Root of Evil,-,100%,tt13606158,2021-01-01,121,Adventure,Comedy,Family,5.9,921,28357398
Gully Boy,19.7%,80.3%,tt2395469,2019-01-01,154,Drama,Music,Romance,7.9,37865,28299498
What Happened to Monday,-,100%,tt1536537,2017-01-01,123,Action,Crime,Fantasy,6.9,119368,27975429
Monster Family,0.5%,99.5%,tt6572702,2017-01-01,93,Animation,Comedy,Family,4.8,4736,27890108
The Beguiled,38.4%,61.6%,tt5592248,2017-01-01,93,Drama,Thriller,War,6.3,56681,27869129
Kim Ji-young: Born 1982,-,100%,tt11052808,2019-01-01,118,Drama,NA,NA,7.3,3327,27696393
Default,0.7%,99.3%,tt7233726,2018-01-01,114,Drama,History,NA,6.7,1237,27694043
One Cut of the Dead,0.2%,99.8%,tt7914416,2017-01-01,96,Comedy,Drama,Horror,7.6,22756,27590180
The Happytime Murders,75.3%,24.7%,tt1308728,2018-01-01,91,Action,Comedy,Crime,5.4,27583,27506452
Midnight Sun,34.9%,65.1%,tt4799066,2018-01-01,91,Drama,Romance,NA,6.6,29640,27365467
PokÃ©mon: Mewtwo Strikes Back - Evolution,-,100%,tt8856470,2019-01-01,98,Action,Animation,Family,5.7,5328,27347118
The Witches,0.8%,99.2%,tt0100944,1990-01-01,91,Adventure,Comedy,Family,6.8,48829,27103571
Scooby-Doo: A New Universe,8.1%,91.9%,tt3152592,2020-01-01,93,Adventure,Animation,Comedy,5.6,25333,27088425
Almost a Comedy,-,100%,tt11273332,2019-01-01,111,Drama,NA,NA,6.7,553,26990962
Total Dhamaal,8.1%,91.9%,tt7639372,2019-01-01,130,Action,Adventure,Comedy,4.2,6850,26911995
CHIPS,69.4%,30.6%,tt0493405,2017-01-01,100,Action,Comedy,Crime,6,46298,26800152
The Faces of My Gene,-,100%,tt8443556,2018-01-01,95,Adventure,Comedy,Drama,3.7,150,26796279
A Cure for Wellness,30.5%,69.5%,tt4731136,2016-01-01,146,Drama,Fantasy,Horror,6.4,95058,26620002
Missing Link,62.7%,37.3%,tt6348138,2019-01-01,93,Adventure,Animation,Comedy,6.7,25261,26565710
American Underdog,100%,-,tt11729298,2021-01-01,112,Biography,Drama,Sport,7.2,8610,26514814
Chaos Walking,50.1%,49.9%,tt2076822,2021-01-01,109,Action,Adventure,Fantasy,5.7,42581,26508132
No Manches Frida 2,35%,65%,tt9019352,2019-01-01,102,Comedy,NA,NA,4.2,1001,26493648
Emma.,38.1%,61.9%,tt9214832,2020-01-01,124,Comedy,Drama,Romance,6.7,47865,26404660
Only the Brave,69.6%,30.4%,tt3829920,2017-01-01,134,Action,Biography,Drama,7.6,66031,26351322
Twenty Two,0.2%,99.8%,tt3843282,2015-01-01,112,Crime,Documentary,History,7.4,491,26289378
The Zookeeper's Wife,67.2%,32.8%,tt1730768,2017-01-01,127,Biography,Drama,History,7,42612,26152835
Badrinath Ki Dulhania,7.6%,92.4%,tt6277440,2017-01-01,139,Comedy,Drama,Romance,6.1,12027,26134309
Badhaai Ho,-,100%,tt7725596,2018-01-01,124,Comedy,Drama,NA,8,33237,26125610
Hichki,1.3%,98.7%,tt6588966,2018-01-01,116,Comedy,Drama,NA,7.6,12113,26055222
The Courier,25.4%,74.6%,tt8368512,2020-01-01,112,Drama,History,Thriller,7.2,52642,26001227
Love Off the Cuff,-,100%,tt5956006,2017-01-01,121,Romance,NA,NA,6.5,1002,25959989
The Confidence Man JP: The Movie,-,100%,tt9552258,2019-01-01,116,Comedy,Crime,NA,6.7,1118,25958189
White Boy Rick,92.5%,7.5%,tt4537896,2018-01-01,111,Crime,Drama,NA,6.5,36359,25957482
"Paul, Apostle of Christ",67.8%,32.2%,tt7388562,2018-01-01,108,Adventure,Biography,Drama,6.6,8412,25915966
Leap,0.3%,99.7%,tt10670442,2020-01-01,135,Biography,Drama,Sport,6.6,1133,25818882
"The Gangster, the Cop, the Devil",0.8%,99.2%,tt10208198,2019-01-01,109,Action,Crime,Thriller,6.9,12256,25775371
Champions,-,100%,tt6793580,2018-01-01,124,Comedy,Drama,Family,7.2,10028,25745315
Fireworks,2%,98%,tt0119250,1997-01-01,103,Crime,Drama,Romance,7.7,30126,25672406
Father Figures,68.4%,31.6%,tt1966359,2017-01-01,113,Comedy,Drama,NA,5.5,19528,25601244
Money,-,100%,tt4715356,2016-01-01,86,Crime,Mystery,Thriller,5.5,3124,25403753
Keys To The Heart,0.3%,99.7%,tt6985200,2018-01-01,120,Comedy,Drama,Family,7.4,1094,25375866
Bodies at Rest,-,100%,tt7937440,2019-01-01,94,Action,Crime,Mystery,5.6,766,25293853
Booksmart,90.9%,9.1%,tt1489887,2019-01-01,102,Comedy,NA,NA,7.1,112619,24959607
Super 30,9.2%,90.8%,tt7485048,2019-01-01,154,Biography,Drama,NA,8.1,29512,24701637
The Death of Stalin,32.7%,67.3%,tt4686844,2017-01-01,107,Comedy,Drama,History,7.2,99529,24646055
Skyfire,<0.1%,100%,tt9203190,2019-01-01,97,Action,Adventure,Drama,5.3,2839,24444590
The 8-Year Engagement,-,100%,tt6313348,2017-01-01,119,Drama,Romance,NA,7,873,24425963
Stan & Ollie,22.4%,77.6%,tt3385524,2018-01-01,98,Biography,Comedy,Drama,7.2,36569,24420923
The Father,8.7%,91.3%,tt10272386,2020-01-01,97,Drama,Mystery,NA,8.3,130262,24340915
The Witch: Part 1 - The Subversion,-,100%,tt8574252,2018-01-01,125,Action,Mystery,NA,7.2,9698,24340302
The Accidental Detective 2: In Action,0.7%,99.3%,tt7022500,2018-01-01,116,Comedy,Crime,Thriller,6.5,703,24243825
Jolly LLB 2,6.8%,93.2%,tt5982852,2017-01-01,137,Comedy,Drama,NA,7.3,24878,24214186
Start-Up,-,100%,tt11454170,2019-01-01,102,Action,Comedy,Drama,6.4,793,24106579
I Can Speak,0.3%,99.7%,tt7342204,2017-01-01,119,Comedy,Drama,NA,7.6,1852,24024444
Killing for the Prosecution,-,100%,tt6857956,2018-01-01,123,Mystery,NA,NA,6.3,928,23929620
Pinocchio,7.7%,92.3%,tt0032910,1940-01-01,88,Adventure,Animation,Comedy,7.5,141176,23889592
A Rainy Day in New York,-,100%,tt7139936,2019-01-01,92,Comedy,Romance,NA,6.5,41553,23805899
PokÃ©mon the Movie: The Power of Us,3.3%,96.7%,tt8108230,2018-01-01,100,Action,Adventure,Animation,6.2,2587,23740788
The Peanut Butter Falcon,86.3%,13.7%,tt4364194,2019-01-01,97,Adventure,Comedy,Drama,7.6,88475,23712090
Spencer,29.9%,70.1%,tt12536294,2021-01-01,117,Biography,Drama,NA,6.7,51959,23695676
Little White Lies 2,-,100%,tt8201404,2019-01-01,134,Comedy,Drama,Family,6.4,3586,23623665
Those Who Wish Me Dead,31.6%,68.4%,tt3215824,2021-01-01,100,Action,Crime,Drama,6,56099,23468586
Wish Upon,60.9%,39.1%,tt5322012,2017-01-01,90,Drama,Fantasy,Horror,5,20307,23468586
Ossan's Love: Love or Dead,-,100%,tt10594884,2019-01-01,114,Comedy,Drama,Romance,5.9,267,23422744
Only Cloud Knows,-,100%,tt10564446,2019-01-01,132,Drama,Romance,NA,5.9,322,23410836
Detroit,71.9%,28.1%,tt5390504,2017-01-01,143,Crime,Drama,History,7.3,52379,23355100
The Guernsey Literary and Potato Peel Pie Society,-,100%,tt1289403,2018-01-01,124,Drama,Romance,War,7.3,44480,23148937
The Crimes That Bind,-,100%,tt10915060,2020-01-01,99,Crime,Drama,Thriller,6.7,3891,23144130
Dark Waters,48.2%,51.8%,tt9071322,2019-01-01,126,Biography,Drama,History,7.6,82637,23108017
The Marksman,67.5%,32.5%,tt6902332,2021-01-01,108,Action,Adventure,Drama,5.6,30093,23076711
The Farewell,76.7%,23.3%,tt8637428,2019-01-01,100,Comedy,Drama,NA,7.5,61636,23076657
99.9 Criminal Lawyer: The Movie,-,100%,tt15434284,2021-01-01,120,Comedy,Crime,Drama,6.9,15,23055069
Padmaavat,51.5%,48.5%,tt5935704,2018-01-01,164,Drama,History,Romance,7.1,31110,22991060
Last Night in Soho,44.1%,55.9%,tt9639470,2021-01-01,116,Drama,Horror,Mystery,7.1,96497,22957625
Won't You Be My Neighbor?,100%,<0.1%,tt7681902,2018-01-01,95,Biography,Documentary,NA,8.3,25152,22844741
The Knight of Shadows: Between Yin and Yang,-,100%,tt7587984,2019-01-01,109,Action,Adventure,Family,4.9,1549,22774256
Extraordinary Mission,0.2%,99.8%,tt6690310,2017-01-01,117,Action,Crime,NA,6.2,789,22757764
Black and Blue,97%,3%,tt7390646,2019-01-01,108,Action,Thriller,NA,6.4,22162,22741061
The Day We Lit Up the Sky,-,100%,tt14866426,2021-01-01,108,Comedy,Music,NA,3.5,39,22500000
Europe Raiders,-,100%,tt5827590,2018-01-01,101,Action,Comedy,Crime,4.8,451,22435156
Late Night,69.2%,30.8%,tt6107548,2019-01-01,102,Comedy,Drama,NA,6.5,36271,22386555
Mojin: The Worm Valley,0.5%,99.5%,tt9490414,2018-01-01,110,Action,Adventure,Fantasy,4.7,533,22381583
Les MisÃ©rables,1.5%,98.5%,tt1707386,2012-01-01,158,Drama,Musical,Romance,7.6,324197,22342519
The Glass Castle,78.2%,21.8%,tt2378507,2017-01-01,127,Biography,Drama,NA,7.1,33065,22088533
Gretel & Hansel,69.6%,30.4%,tt9086228,2020-01-01,87,Fantasy,Horror,Mystery,5.4,29726,22051055
Kaamelott: First Installment,0.9%,99.1%,tt9844322,2021-01-01,120,Adventure,Comedy,Fantasy,6.3,3037,21965451
Poupelle of Chimney Town,-,100%,tt13276012,2020-01-01,100,Animation,Family,Fantasy,6.5,262,21831861
After We Fell,10.1%,89.9%,tt13069986,2021-01-01,98,Drama,Romance,NA,4.8,11722,21584600
Ãpouse-moi mon pote,-,100%,tt6021478,2017-01-01,92,Comedy,Romance,NA,6.1,3281,21571464
Crazy Romance,-,100%,tt11041006,2019-01-01,115,Comedy,Drama,Romance,6.2,567,21386368
Shaft,100%,-,tt0162650,2000-01-01,99,Action,Crime,Thriller,6,76560,21360215
Unplanned,89%,11%,tt9024106,2019-01-01,109,Biography,Drama,NA,5.9,13718,21354152
Rurouni Kenshin: Final Chapter Part II - The Beginning,-,100%,tt11991748,2021-01-01,137,Action,Adventure,Drama,7.4,7713,21318560
Hotel Mumbai,45.3%,54.7%,tt5461944,2018-01-01,123,Action,Drama,History,7.6,61198,21314816
Integrity,-,100%,tt9575160,2019-01-01,114,Crime,Drama,Mystery,5.6,529,21290004
Stigmatized Properties,-,100%,tt13050614,2020-01-01,111,Horror,NA,NA,4.5,187,21276720
The Prison,1%,99%,tt6589464,2017-01-01,125,Action,Crime,NA,6.5,1873,21205329
Wish Dragon,-,100%,tt5562070,2021-01-01,98,Adventure,Animation,Comedy,7.2,24097,21120000
PokÃ©mon the Movie: Secrets of the Jungle,-,100%,tt11819890,2020-01-01,99,Action,Adventure,Animation,6.5,1737,21097921
Parallel Mothers,10.9%,89.1%,tt12618926,2021-01-01,123,Drama,NA,NA,7.1,20636,21089972
The Secret Mission,-,100%,tt9602258,2019-01-01,135,Comedy,Drama,History,6.8,439,21083522
The Photograph,99.5%,0.5%,tt7798646,2020-01-01,106,Drama,Romance,NA,6,5257,20690779
Yarn,-,100%,tt10467054,2020-01-01,130,Romance,NA,NA,6.5,323,20474270
Violet Evergarden: The Movie,-,100%,tt8652818,2020-01-01,140,Animation,Drama,Fantasy,8.4,5329,20339624
Brahms: The Boy II,62.1%,37.9%,tt9173418,2020-01-01,86,Drama,Horror,Mystery,4.7,15904,20311536
This Is Tomas,-,100%,tt9078972,2019-01-01,87,Comedy,Drama,NA,5.7,227,20084169
Ice 2,-,100%,tt10922066,2020-01-01,132,Drama,Romance,Sport,6.5,687,19788995
Stillwater,73.4%,26.6%,tt10696896,2021-01-01,139,Crime,Drama,Thriller,6.6,35577,19705544
Soul Snatcher,-,100%,tt12392662,2020-01-01,125,Action,Fantasy,NA,5.4,269,19561221
The Turning,79.6%,20.4%,tt7510346,2020-01-01,94,Drama,Horror,Mystery,3.8,13145,19428166
The Specials,-,100%,tt8655470,2019-01-01,114,Comedy,Drama,NA,7.4,8687,19363826
Les Tuche 4,-,100%,tt12847352,2021-01-01,101,Comedy,NA,NA,4.3,143,19259766
Fate/Stay Night: Heaven's Feel - III. Spring Song,1%,99%,tt8092118,2020-01-01,120,Action,Adventure,Animation,8,1737,19252497
The Wolf and the Lion,10.8%,89.2%,tt10945288,2021-01-01,99,Family,NA,NA,6,1013,19134813
Dear Evan Hansen,78.5%,21.5%,tt9357050,2021-01-01,137,Drama,Musical,NA,6.1,10919,19109078
Always Miss You,0.5%,99.5%,tt10234494,2019-01-01,98,Romance,NA,NA,3.9,51,19015465
The Pioneer,-,100%,tt14922172,2021-01-01,121,Drama,History,NA,5.7,106,18900000
The Green Knight,90.9%,9.1%,tt9243804,2021-01-01,130,Adventure,Drama,Fantasy,6.6,86662,18888418
An Officer and a Spy,-,100%,tt2398149,2019-01-01,132,Drama,History,Thriller,7.2,17476,18878658
Antlers,56.3%,43.7%,tt7740510,2021-01-01,99,Drama,Horror,Mystery,5.9,30160,18867659
Sinkhole,-,100%,tt12664618,2021-01-01,117,Action,Comedy,Drama,6.2,1311,18804231
Crayon Shin-chan: Honeymoon Hurricane - The Lost Hiroshi,-,100%,tt10208548,2019-01-01,100,Action,Adventure,Animation,6.1,211,18738951
Mobile Suit Gundam: Hathaway,-,100%,tt13288678,2021-01-01,95,Action,Animation,Drama,6.6,1293,18731309
Greta,56.5%,43.5%,tt2639336,2018-01-01,98,Drama,Mystery,Thriller,6,32730,18653107
Peppa Celebrates Chinese New Year,0.7%,99.3%,tt9629026,2019-01-01,81,Animation,Family,NA,3.5,78,18653040
Takizawa Enbujo Zero,-,100%,tt13616600,2020-01-01,139,Music,NA,NA,6.4,15,18091395
The Stronghold,-,100%,tt10404944,2020-01-01,105,Action,Crime,Thriller,6.9,9009,18066143
The Promised Neverland,-,100%,tt11027510,2020-01-01,119,Action,Adventure,Drama,5.6,614,17710977
Kaiji: Final Game,-,100%,tt10423160,2020-01-01,128,Adventure,NA,NA,4.9,348,17645779
Hitman: Agent Jun,-,100%,tt11649614,2020-01-01,110,Action,Comedy,NA,6.3,1626,17601351
Bo Gia,2%,98%,tt13925862,2021-01-01,128,Comedy,Drama,Family,6.5,801,17480489
The Dry,2.1%,97.9%,tt5144174,2020-01-01,117,Crime,Drama,Mystery,6.9,22167,17424378
Digimon Adventure: Last Evolution Kizuna,-,100%,tt9507234,2020-01-01,94,Action,Adventure,Animation,7.5,1387,17337522
Gintama: The Final,-,100%,tt10766468,2021-01-01,104,Action,Animation,Comedy,8.7,2037,17252960
Railway Heroes,-,100%,tt13859694,2021-01-01,124,Drama,History,War,5.8,175,17223542
Promising Young Woman,37.6%,62.4%,tt9620292,2020-01-01,113,Crime,Drama,Mystery,7.5,156637,17192842
Bye Bye Morons,-,100%,tt10196398,2020-01-01,87,Comedy,Drama,NA,6.7,4659,16955924
Baaghi 3,4.3%,95.7%,tt8366590,2020-01-01,143,Action,Adventure,Thriller,2.1,11815,16726510
Your Turn to Kill,-,100%,tt15034594,2021-01-01,142,Drama,Mystery,NA,4.6,17,16511822
I Still Believe,61.4%,38.6%,tt9779516,2020-01-01,116,Biography,Drama,Music,6.5,11371,16069730
Upon the Magic Roads,-,100%,tt11390180,2021-01-01,111,Adventure,Fantasy,NA,5.8,803,15990882
Freaky,56.7%,43.3%,tt10919380,2020-01-01,102,Comedy,Horror,Thriller,6.3,52810,15920855
Reminiscence,24.7%,75.3%,tt3272066,2021-01-01,116,Mystery,Romance,Sci-Fi,5.8,49211,15800193
Cry Macho,66.4%,33.6%,tt1924245,2021-01-01,104,Drama,NA,NA,5.7,23238,15522017
The Night House,46%,54%,tt9731534,2020-01-01,107,Horror,Mystery,Thriller,6.5,37837,15437703
Padre no hay mÃ¡s que uno 2: La llegada de la suegra,-,100%,tt11506284,2020-01-01,96,Comedy,Family,NA,5.5,1238,15373181
Minari,20.3%,79.7%,tt10633456,2020-01-01,115,Drama,NA,NA,7.5,73178,15322552
Something About Love,-,100%,tt10553438,2021-01-01,105,Comedy,Romance,NA,5.5,310,15204017
Drive My Car,15.6%,84.4%,tt14039582,2021-01-01,179,Drama,NA,NA,7.6,30280,15124818
Anita,3.7%,96.3%,tt0069718,1973-01-01,95,Drama,NA,NA,5.1,1593,15026604
The Way Back,92.5%,7.5%,tt1023114,2010-01-01,133,Adventure,Drama,History,7.3,115234,14690514
The Tomorrow War,-,100%,tt9777666,2021-01-01,138,Action,Adventure,Drama,6.6,192737,14400000
The Personal History of David Copperfield,13%,87%,tt6439020,2019-01-01,119,Comedy,Drama,NA,6.4,18942,14399270
"And, the Baton Was Passed",-,100%,tt14605210,2021-01-01,137,Drama,NA,NA,7.2,28,14368469
Nightlife,-,100%,tt10358022,2020-01-01,111,Comedy,Romance,NA,5.7,2258,14308789
Pawn,-,100%,tt1551630,2013-01-01,88,Action,Crime,Mystery,5.7,7093,14193957
Crayon Shin-chan: Shrouded in Mystery! The Flowers of Tenkazu Academy,-,100%,tt13642590,2021-01-01,104,Animation,Mystery,NA,7.6,152,14059824
Sword Art Online: Progressive - Aria of a Starless Night,7.5%,92.5%,tt13424422,2021-01-01,97,Action,Adventure,Animation,7.3,716,14037060
Christmas with the Chosen: The Messengers,100%,-,tt15772866,2021-01-01,123,Music,NA,NA,7.5,663,13728000
OSS 117: From Africa with Love,-,100%,tt7972012,2021-01-01,117,Action,Comedy,NA,5.9,3330,13433702
#Alive,-,100%,tt10620868,2020-01-01,98,Action,Drama,Horror,6.3,36656,13432212
Howling Village,-,100%,tt10919074,2019-01-01,108,Horror,Mystery,Thriller,4.9,781,13394556
Come Play,79.5%,20.5%,tt8004664,2020-01-01,96,Drama,Horror,Mystery,5.7,12118,13182254
Eiffel,-,100%,tt10366514,2021-01-01,108,Biography,Drama,History,6.2,2647,13140901
Hostage: Missing Celebrity,-,100%,tt14941222,2021-01-01,94,Action,NA,NA,6.2,614,13125970
School of Magical Animals,-,100%,tt11455260,2021-01-01,93,Adventure,Family,NA,5.6,180,13073312
Vakeel Saab,-,100%,tt8269248,2021-01-01,153,Action,Crime,Drama,8,11562,13056490
Monkey King Reborn,-,100%,tt14391088,2021-01-01,95,Action,Animation,Fantasy,6.1,329,13002635
No Escapes,-,100%,tt12200256,2020-01-01,131,Action,Drama,NA,6.6,1191,12916151
The Bodin's in the Land of Smile,-,100%,tt15049366,2021-01-01,98,Comedy,NA,NA,5.4,70,12872253
Samjin Company English Class,-,100%,tt13210996,2020-01-01,110,Comedy,Drama,NA,6.6,520,12761386
The Many Saints of Newark,64.7%,35.3%,tt8110232,2021-01-01,120,Crime,Drama,NA,6.3,47034,12737403
Another Round,-,100%,tt10288566,2020-01-01,117,Comedy,Drama,NA,7.7,139127,12733781
News of the World,100%,-,tt6878306,2020-01-01,118,Action,Adventure,Drama,6.8,83251,12668325
Collectors,-,100%,tt13428686,2020-01-01,114,Adventure,Comedy,Crime,6.3,642,12640113
Character,-,100%,tt0119448,1997-01-01,122,Crime,Drama,Mystery,7.7,10827,12571501
Shinchan: Crash! Scribble Kingdom and Almost Four Heroes,-,100%,tt12850062,2020-01-01,103,Action,Adventure,Animation,6.6,192,12221804
Ducobu 3,-,100%,tt10658928,2020-01-01,94,Comedy,NA,NA,4.2,170,12157793
On Your Mark,-,100%,tt11317408,2021-01-01,104,Comedy,Drama,Sport,6.7,64,12100000
Legend No. 17,-,100%,tt2182001,2013-01-01,134,Biography,Drama,Sport,7.5,5561,12049148
Stand by Me,-,100%,tt0092005,1986-01-01,89,Adventure,Drama,NA,8.1,390868,11900000
The Worst Person in the World,25.7%,74.3%,tt10370710,2021-01-01,128,Comedy,Drama,Romance,7.9,33120,11799647
On the Line,-,100%,tt0279286,2001-01-01,85,Comedy,Family,Romance,4.2,4229,11772156
Wotakoi: Love Is Hard for Otaku,-,100%,tt9018612,2020-01-01,114,Comedy,Musical,Romance,5.3,422,11702371
Let Him Go,80.5%,19.5%,tt9340860,2020-01-01,113,Crime,Drama,Thriller,6.7,24001,11630934
The Hunt,50.6%,49.4%,tt2106476,2012-01-01,115,Drama,NA,NA,8.3,316990,11481750
The Fable: The Killer Who Doesn't Kill,-,100%,tt13017204,2021-01-01,133,Action,Comedy,Mystery,6.8,1186,11325545
What Did You Eat Yesterday?,-,100%,tt14865506,2021-01-01,120,Romance,NA,NA,8.4,70,11320893
Aline,6%,94%,tt9735462,2020-01-01,128,Biography,Comedy,Drama,6.4,1314,11148310
30 jours max,-,100%,tt11206302,2020-01-01,87,Action,Comedy,Crime,5.2,1042,10998969
The Voice of Sin,-,100%,tt10206818,2020-01-01,142,Crime,Drama,Thriller,6.7,351,10983063
Bigfoot Family,-,100%,tt9204164,2020-01-01,89,Adventure,Animation,Family,5.8,2622,10928721
One Second,-,100%,tt8959680,2020-01-01,104,Comedy,Drama,History,7.2,1332,10790386
Me contro Te - Il film: La vendetta del Signor S,-,100%,tt11559652,2020-01-01,64,Comedy,Family,NA,1.6,353,10779891
Impractical Jokers: The Movie,100%,-,tt9208444,2020-01-01,92,Comedy,NA,NA,5.8,6271,10691091
Honest Candidate,-,100%,tt11812338,2020-01-01,104,Comedy,NA,NA,6.2,512,10597464
Krack,-,100%,tt8302382,2021-01-01,154,Action,Crime,Thriller,7.4,6474,10442916
Two by Two: Overboard!,-,100%,tt12615474,2020-01-01,85,Adventure,Animation,Comedy,5.8,532,10376007
Kaiserschmarrndrama,-,100%,tt11034894,2021-01-01,96,Comedy,Crime,NA,7.1,609,10357720
"Caution, Hazardous Wife: The Movie",-,100%,tt11477842,2021-01-01,119,Adventure,NA,NA,5.7,223,10356359
Realm of Terracotta,-,100%,tt10075380,2021-01-01,111,Adventure,Animation,Fantasy,7,83,10341512
Street Dancer 3D,-,100%,tt9648672,2020-01-01,146,Drama,Music,NA,3.7,7539,10339127
Detective Conan: The Scarlet Alibi,-,100%,tt13884166,2021-01-01,93,Animation,Crime,Mystery,6.3,186,10308627
Never Stop,-,100%,tt14778138,2021-01-01,98,Drama,Sport,NA,5.1,39,10224935
My Spy,-,100%,tt8242084,2020-01-01,99,Action,Comedy,NA,6.3,29306,10200000
The Asadas,-,100%,tt9860350,2020-01-01,127,Drama,Family,NA,7.5,471,10066797
Black Box,-,100%,tt12298506,2020-01-01,100,Horror,Mystery,Sci-Fi,6.2,13662,9698463
Stolen Identity 2,-,100%,tt10127410,2020-01-01,118,Thriller,NA,NA,4.3,143,9687188
Ainbo,-,100%,tt6570098,2021-01-01,84,Adventure,Animation,Comedy,4.8,1454,9682962
The Soul,-,100%,tt13598976,2021-01-01,130,Drama,Mystery,Sci-Fi,6.6,2616,9600000
Â¡A todo tren! Destino Asturias,-,100%,tt13150080,2021-01-01,90,Comedy,NA,NA,5.2,599,9544171
Baragaki: Unbroken Samurai,-,100%,tt11487698,2021-01-01,148,Drama,NA,NA,5.4,80,9481437
10 Days with Dad,<0.1%,100%,tt10251538,2020-01-01,104,Comedy,Family,NA,5.4,814,9472077
Secret Zoo,-,100%,tt11566164,2020-01-01,118,Comedy,NA,NA,6.1,1350,9471940
365 Days,-,100%,tt10886166,2020-01-01,114,Drama,Romance,NA,3.4,74890,9458590
Okay Madam,-,100%,tt12572792,2020-01-01,100,Action,Comedy,NA,6.6,1134,9433525
The Closet,-,100%,tt0243493,2001-01-01,84,Comedy,NA,NA,7,17401,9039424
MalasaÃ±a 32,-,100%,tt10952782,2020-01-01,104,Horror,Mystery,NA,5.5,4301,8968845
100% Wolf,7.4%,92.6%,tt8774798,2020-01-01,96,Adventure,Animation,Comedy,5.7,1635,8961732
Break the Silence: The Movie,-,100%,tt12850582,2020-01-01,89,Documentary,Music,NA,8.2,774,8954345
I Hate Summer,-,100%,tt10492998,2020-01-01,110,Comedy,NA,NA,6.7,2552,8926071
All About My Mother,-,100%,tt0185125,1999-01-01,101,Drama,NA,NA,7.8,95129,8900000
Downhill,93.1%,6.9%,tt4558376,2020-01-01,86,Comedy,Drama,NA,4.9,11999,8899195
Les blagues de Toto,-,100%,tt10233406,2020-01-01,84,Comedy,Family,NA,3.8,132,8859185
The Eleventh Chapter,-,100%,tt10097436,2019-01-01,115,Comedy,Drama,NA,6.8,383,8845525
The Vault,-,100%,tt9742794,2021-01-01,118,Action,Adventure,Thriller,6.4,22077,8803864
Kaguya-sama: Love Is War,-,100%,tt9816396,2019-01-01,113,Comedy,Drama,Romance,5.6,357,8794981
The Secret Garden,-,100%,tt0108071,1993-01-01,101,Drama,Family,Fantasy,7.3,40887,8721243
The ProtÃ©gÃ©,86.2%,13.8%,tt6079772,2021-01-01,109,Action,Thriller,NA,6.1,26663,8639684
Eltilerin Savasi,-,100%,tt11542214,2020-01-01,118,Comedy,Family,NA,5.8,4250,8613864
The Medium,-,100%,tt13446168,2021-01-01,130,Horror,NA,NA,6.6,6047,8529010
Delicious,-,100%,tt10738536,2021-01-01,112,Comedy,Drama,History,7,1484,8448610
Honey Lemon Soda,-,100%,tt14311250,2021-01-01,111,Comedy,Drama,Romance,6.8,64,8441488
Malang,-,100%,tt9877170,2020-01-01,135,Action,Crime,Drama,6.5,10177,8399765
I Don't Have Any Money Left in My Retirement Account,-,100%,tt11354164,2021-01-01,115,Family,NA,NA,8.2,11,8204616
White Snake 2: Green Snake,-,100%,tt15000314,2021-01-01,131,Action,Adventure,Animation,6.8,2077,8170000
Lost Illusions,-,100%,tt10505316,2021-01-01,149,Drama,Romance,NA,7.5,1579,8126745
New Happy Dad and Son 4,-,100%,tt14760652,2021-01-01,80,Animation,NA,NA,4.6,7,8070000
Your Eyes Tell,-,100%,tt11051974,2020-01-01,123,Drama,Romance,NA,7.4,857,8020474
AI Amok,-,100%,tt10579380,2020-01-01,133,Sci-Fi,Thriller,NA,5.2,159,7932191
Sunny Sisters,-,100%,tt14849368,2021-01-01,118,Comedy,NA,NA,5.3,44,7880000
The Lost Prince,-,100%,tt8335482,2020-01-01,101,Adventure,Comedy,Family,5.3,1237,7837980
Antoinette dans les CÃ©vennes,-,100%,tt11013434,2020-01-01,97,Adventure,Comedy,Romance,6.5,2365,7821615
Antebellum,-,100%,tt10065694,2020-01-01,105,Drama,Horror,Mystery,5.7,25144,7792716
The Marriage Escape,-,100%,tt9911196,2020-01-01,103,Comedy,Drama,NA,7.5,3550,7760946
Smack Dab Kakha,-,100%,tt13486236,2020-01-01,110,Comedy,NA,NA,1.5,914,7692780
Hard Hit,-,100%,tt14980972,2021-01-01,94,Drama,Thriller,NA,6.2,1066,7633895
The Heist of the Century,-,100%,tt10948718,2020-01-01,114,Action,Biography,Comedy,7.2,7481,7627100
Little Canned Men,-,100%,tt15547890,2021-01-01,94,Comedy,Fantasy,NA,5.8,18,7600000
Pushpa: The Rise - Part 1,17.4%,82.6%,tt9389998,2021-01-01,179,Action,Adventure,Crime,8,54143,7592374
The Mauritanian,11.1%,88.9%,tt4761112,2021-01-01,129,Biography,Drama,Thriller,7.4,47704,7527030
The Ice Road,-,100%,tt3758814,2021-01-01,109,Action,Adventure,Thriller,5.6,35420,7502846
De Gaulle,-,100%,tt10880402,2020-01-01,108,Biography,Drama,History,6.1,1437,7501454
Fukushima 50,-,100%,tt9318772,2020-01-01,122,Action,Drama,NA,6,2451,7494243
"Turu, the Wacky Hen",-,100%,tt8790552,2019-01-01,80,Adventure,Animation,Family,4.7,240,7438087
Signal: The Movie,-,100%,tt13529316,2021-01-01,122,Action,NA,NA,6,74,7388603
'83,55.2%,44.8%,tt7518786,2021-01-01,162,Biography,Drama,History,7.4,27943,7351061
The Best Years,-,100%,tt2673212,2013-01-01,96,Comedy,Crime,Drama,6.7,3677,7344947
Contra,-,100%,tt10628092,2020-01-01,108,Comedy,NA,NA,6.7,639,7216863
Water Boys,-,100%,tt15163768,2021-01-01,111,Comedy,Sport,NA,6.4,106,7200000
Couple from the Future,-,100%,tt14141754,2021-01-01,104,Comedy,Drama,Romance,6.3,455,7160729
The (UN)perfect Guy,-,100%,tt10818092,2020-01-01,92,Comedy,Romance,Sci-Fi,3.3,695,7154649
Back to the Wharf,-,100%,tt11306684,2020-01-01,118,Crime,Drama,Romance,6.1,241,7090000
Adu,-,100%,tt9616700,2020-01-01,119,Drama,NA,NA,6.8,4814,7085946
Fatale,89.7%,10.3%,tt8829830,2020-01-01,102,Thriller,NA,NA,5.4,9588,7031289
Spycies,-,100%,tt8028842,2019-01-01,99,Action,Animation,Comedy,5.5,850,6989285
Sooryavanshi,50.8%,49.2%,tt9531772,2021-01-01,145,Action,Crime,Thriller,6.6,74698,6984082
Extinct,-,100%,tt8241000,2021-01-01,84,Adventure,Animation,Comedy,5.4,2273,6926445
Jim Button and the Wild 13,-,100%,tt9839038,2020-01-01,110,Adventure,Comedy,Family,6.2,505,6914413
Dragon Rider,-,100%,tt7080422,2020-01-01,91,Adventure,Animation,Comedy,5.6,1537,6779816
Psy 3: W imie zasad,-,100%,tt10590530,2020-01-01,126,Action,Crime,Drama,6.2,1257,6725146
Blood Moon Party,-,100%,tt13326736,2020-01-01,118,Comedy,Drama,NA,7.6,321,6709383
Innocence,-,100%,tt0128332,1997-01-01,110,Drama,NA,NA,8.2,17287,6659968
Shubh Mangal Zyada Saavdhan,-,100%,tt10309906,2020-01-01,117,Comedy,Crime,Romance,5.9,9336,6574905
Chhapaak,9.3%,90.7%,tt9614460,2020-01-01,120,Biography,Drama,NA,4.9,26811,6532100
"Love Me, Love Me Not",-,100%,tt11427380,2020-01-01,103,Animation,Comedy,Drama,6.9,359,6494241
Hammamet,-,100%,tt8615136,2020-01-01,126,Biography,Drama,NA,5.8,1517,6434874
Lindenberg! Mach dein Ding,-,100%,tt9181732,2020-01-01,139,Biography,Music,NA,6.5,767,6404964
Midnight Swan,-,100%,tt12774954,2020-01-01,124,Drama,NA,NA,7.1,339,6397065
Simply Black,-,100%,tt10426916,2020-01-01,90,Comedy,NA,NA,6.4,1741,6323750
My Boyfriend's Meds,47.2%,52.8%,tt8976664,2020-01-01,100,Comedy,NA,NA,4.6,424,6292780
Bill & Ted Face the Music,54.8%,45.2%,tt1086064,2020-01-01,91,Adventure,Comedy,Music,5.9,44078,6274027
Hotel Belgrade,-,100%,tt11903004,2020-01-01,106,Comedy,Romance,NA,6.2,1305,6199413
How to Be a Good Wife,-,100%,tt10441958,2020-01-01,109,Comedy,Drama,NA,5.8,1721,6029102
The Legacy Of Dr. Death: Black File,-,100%,tt13483292,2020-01-01,121,Mystery,Thriller,NA,5.6,70,6024046
The Rhythm Section,90.8%,9.2%,tt7134096,2020-01-01,109,Action,Drama,Mystery,5.4,17384,5989583
Jak zostalem gangsterem. Historia prawdziwa,-,100%,tt10804178,2019-01-01,140,Crime,Drama,NA,7,2456,5975729
Twiceborn,0.2%,99.8%,tt13236202,2020-01-01,135,Drama,NA,NA,4.6,42,5880157
The Royal Bride,-,100%,tt11564056,2020-01-01,118,Comedy,NA,NA,5.7,100,5830719
Beasts Clawing at Straws,-,100%,tt9747594,2020-01-01,108,Crime,Drama,Thriller,7.1,4099,5796059
Last Letter,-,100%,tt8809750,2020-01-01,120,Romance,NA,NA,6.9,917,5663972
Klassikokkutulek 2: Pulmad ja matused,-,100%,tt7199796,2018-01-01,90,Comedy,NA,NA,5.4,430,5543147
Mama Weed,0.5%,99.5%,tt9288726,2020-01-01,104,Comedy,Crime,Drama,6.2,2570,5432038
Divorce Club,-,100%,tt9303772,2020-01-01,108,Comedy,NA,NA,5.2,1015,5316313
A Piece of Cake,-,100%,tt9037650,2019-01-01,78,Animation,Comedy,Family,6,377,5253994
Cindy La Regia,-,100%,tt8200456,2020-01-01,109,Comedy,NA,NA,5.9,1354,5222322
Run,-,100%,tt8633478,2020-01-01,90,Mystery,Thriller,NA,6.7,66955,5184368
Love Aaj Kal,-,100%,tt1275863,2009-01-01,128,Comedy,Drama,Romance,6.8,15879,5120794
Masked Ward,-,100%,tt11257832,2020-01-01,114,Thriller,NA,NA,5.6,326,5107013
Ayyappanum Koshiyum,-,100%,tt11322920,2020-01-01,177,Action,Drama,Thriller,8.1,7675,5088713
Baba Parasi,-,100%,tt10549312,2020-01-01,116,Comedy,NA,NA,4.5,3116,5084342
Die KÃ¤nguru-Chroniken,-,100%,tt7749142,2020-01-01,92,Comedy,NA,NA,5.2,2428,5081127
The Real Exorcist,-,100%,tt12492578,2020-01-01,108,Fantasy,NA,NA,5.8,31,5035830
Mayday,-,100%,tt6977470,2019-01-01,76,Action,Drama,Horror,3.8,1590,5011408
Bheeshma,-,100%,tt11199356,2020-01-01,150,Action,Comedy,Romance,6.5,3816,4997080
Made in Abyss: Dawn of the Deep Soul,-,100%,tt10068916,2020-01-01,113,Adventure,Animation,Drama,8.1,2904,4971635
Godai - The Wunderkind,-,100%,tt13369122,2020-01-01,109,Biography,Drama,History,6.8,39,4948225
Military Wives,-,100%,tt8951692,2019-01-01,112,Comedy,Drama,Music,6.5,4752,4890505
Panga,11.9%,88.1%,tt8983166,2020-01-01,131,Drama,Sport,NA,6.9,7324,4886124
Streltsov,-,100%,tt12058242,2020-01-01,100,Biography,Drama,Romance,5.2,365,4850073
The SpongeBob Movie: Sponge on the Run,100%,-,tt4823776,2020-01-01,91,Adventure,Animation,Comedy,5.9,17003,4810790
The Empty Man,62.4%,37.6%,tt5867314,2020-01-01,137,Horror,Mystery,Thriller,6.2,24874,4796993
The Vets,-,100%,tt9041586,2019-01-01,92,Comedy,Drama,NA,5.9,452,4788826
The Broken Hearts Gallery,85.1%,14.9%,tt2140571,2020-01-01,109,Comedy,Romance,NA,6.3,7233,4781389
